EMA,DATA,X,Y,PPT,VVM10vec,VVM10,DVM10u,DVM10,VVX10,Data Extrem VVX10,DVVX10,Data Extrem DVVX10
YB,21/07/2016,456316,4670799,0,,,,,,,,
YB,22/07/2016,456316,4670799,5,"0,2","1,5",300,285,"13,2",2016-07-22 17:14:00,299,2016-07-22 17:14:00
YB,23/07/2016,456316,4670799,0,"0,3","1,6",322,272,"9,2",2016-07-23 14:03:00,59,2016-07-23 14:03:00
YB,24/07/2016,456316,4670799,0,"0,5","1,3",175,230,"8,4",2016-07-24 15:27:00,110,2016-07-24 15:27:00
YB,25/07/2016,456316,4670799,0,"0,4","1,4",114,198,"7,5",2016-07-25 15:06:00,54,2016-07-25 15:06:00
YB,26/07/2016,456316,4670799,0,"0,5","1,5",107,244,"7,9",2016-07-26 14:05:00,138,2016-07-26 14:05:00
YB,27/07/2016,456316,4670799,"1,5","0,3","1,4",109,253,"8,3",2016-07-27 13:20:00,67,2016-07-27 13:20:00
YB,28/07/2016,456316,4670799,0,"0,3","1,4",153,256,"7,6",2016-07-28 11:54:00,237,2016-07-28 11:54:00
YB,29/07/2016,456316,4670799,0,"0,3","1,5",33,293,"7,3",2016-07-29 14:22:00,49,2016-07-29 14:22:00
YB,30/07/2016,456316,4670799,0,"1,1","1,7",202,232,"9,2",2016-07-30 16:28:00,216,2016-07-30 16:28:00
YB,31/07/2016,456316,4670799,"18,7","0,3","1,5",181,258,10,2016-07-31 14:24:00,64,2016-07-31 14:24:00
YB,01/08/2016,456316,4670799,0,"0,6","1,5",89,28,"6,9",2016-08-01 12:55:00,68,2016-08-01 12:55:00
YB,02/08/2016,456316,4670799,0,"0,6","1,4",65,36,"7,3",2016-08-02 14:58:00,90,2016-08-02 14:58:00
YB,03/08/2016,456316,4670799,0,"0,4","1,5",63,281,"7,6",2016-08-03 12:01:00,26,2016-08-03 12:01:00
YB,04/08/2016,456316,4670799,0,1,"1,8",188,223,"8,9",2016-08-04 16:25:00,78,2016-08-04 16:25:00
YB,05/08/2016,456316,4670799,2,"0,8","1,6",92,63,"6,6",2016-08-05 09:18:00,28,2016-08-05 09:18:00
YB,06/08/2016,456316,4670799,0,"0,3","1,5",167,162,"7,4",2016-08-06 17:19:00,134,2016-08-06 17:19:00
YB,07/08/2016,456316,4670799,0,"0,5","1,4",161,207,"7,6",2016-08-07 11:07:00,113,2016-08-07 11:07:00
YB,08/08/2016,456316,4670799,0,"0,5","1,4",163,205,"7,5",2016-08-08 14:46:00,52,2016-08-08 14:46:00
YB,09/08/2016,456316,4670799,"30,5","0,3","1,4",132,228,9,2016-08-09 14:31:00,51,2016-08-09 14:31:00
YB,10/08/2016,456316,4670799,0,"0,4","1,3",160,215,"7,4",2016-08-10 14:46:00,140,2016-08-10 14:46:00
YB,11/08/2016,456316,4670799,0,"0,3","1,2",139,249,"5,8",2016-08-11 14:41:00,72,2016-08-11 14:41:00
YB,12/08/2016,456316,4670799,0,"0,3","1,2",118,204,"6,4",2016-08-12 14:28:00,116,2016-08-12 14:28:00
YB,13/08/2016,456316,4670799,0,"0,6","1,4",173,220,"6,6",2016-08-13 13:56:00,171,2016-08-13 13:56:00
YB,14/08/2016,456316,4670799,0,"0,5","1,2",175,214,"5,3",2016-08-14 16:02:00,154,2016-08-14 16:02:00
YB,15/08/2016,456316,4670799,0,"0,5","1,3",112,279,"9,6",2016-08-15 17:28:00,56,2016-08-15 17:28:00
YB,16/08/2016,456316,4670799,"6,3","0,1","1,5",277,253,"11,1",2016-08-16 14:56:00,282,2016-08-16 14:56:00
YB,17/08/2016,456316,4670799,"1,2","0,5","1,2",241,247,"7,7",2016-08-17 16:21:00,227,2016-08-17 16:21:00
YB,18/08/2016,456316,4670799,"0,1","0,4","1,3",96,338,"8,2",2016-08-18 16:00:00,71,2016-08-18 16:00:00
YB,19/08/2016,456316,4670799,"1,2","0,2","1,4",351,286,"7,2",2016-08-19 14:41:00,82,2016-08-19 14:41:00
YB,20/08/2016,456316,4670799,"1,1","0,1","1,1",97,275,"5,2",2016-08-20 10:09:00,100,2016-08-20 10:09:00
YB,21/08/2016,456316,4670799,0,"0,4","1,3",147,197,"6,5",2016-08-21 14:39:00,123,2016-08-21 14:39:00
YB,22/08/2016,456316,4670799,0,"0,4","1,2",180,225,"5,6",2016-08-22 15:48:00,138,2016-08-22 15:48:00
YB,23/08/2016,456316,4670799,0,"0,5","1,2",206,222,"6,3",2016-08-23 12:21:00,184,2016-08-23 12:21:00
YB,24/08/2016,456316,4670799,0,"0,7","1,3",183,219,"6,6",2016-08-24 12:28:00,160,2016-08-24 12:28:00
YB,25/08/2016,456316,4670799,0,"0,3","1,3",137,215,"7,2",2016-08-25 14:08:00,91,2016-08-25 14:08:00
YB,26/08/2016,456316,4670799,0,"0,1","1,3",119,228,"7,4",2016-08-26 14:55:00,36,2016-08-26 14:55:00
YB,27/08/2016,456316,4670799,0,"0,2","1,1",101,233,"6,5",2016-08-27 16:04:00,94,2016-08-27 16:04:00
YB,28/08/2016,456316,4670799,0,"1,1","1,6",50,47,9,2016-08-28 13:08:00,59,2016-08-28 13:08:00
YB,29/08/2016,456316,4670799,"19,1","0,7","1,3",43,40,"6,2",2016-08-29 17:54:00,215,2016-08-29 17:54:00
YB,30/08/2016,456316,4670799,"0,1","0,1",1,183,237,"5,7",2016-08-30 13:38:00,30,2016-08-30 13:38:00
YB,31/08/2016,456316,4670799,0,"0,2","1,1",161,244,"6,4",2016-08-31 14:44:00,48,2016-08-31 14:44:00
YB,01/09/2016,456316,4670799,0,"0,1","1,2",179,258,"6,1",2016-09-01 15:04:00,42,2016-09-01 15:04:00
YB,02/09/2016,456316,4670799,0,"0,5","1,2",225,233,"8,8",2016-09-02 15:25:00,50,2016-09-02 15:25:00
YB,03/09/2016,456316,4670799,"0,4","0,5",1,233,246,"6,3",2016-09-03 15:42:00,268,2016-09-03 15:42:00
YB,04/09/2016,456316,4670799,0,"0,1",1,25,274,"5,5",2016-09-04 12:26:00,42,2016-09-04 12:26:00
YB,05/09/2016,456316,4670799,0,"0,2","1,4",126,250,"7,2",2016-09-05 15:27:00,61,2016-09-05 15:27:00
YB,06/09/2016,456316,4670799,0,"0,3","1,4",162,218,"7,3",2016-09-06 14:48:00,137,2016-09-06 14:48:00
YB,07/09/2016,456316,4670799,0,"0,5","1,2",165,209,6,2016-09-07 10:23:00,76,2016-09-07 10:23:00
YB,08/09/2016,456316,4670799,0,"0,4","1,2",165,229,"6,7",2016-09-08 15:28:00,109,2016-09-08 15:28:00
YB,09/09/2016,456316,4670799,"3,4","0,2","0,9",278,271,"6,3",2016-09-09 13:58:00,26,2016-09-09 13:58:00
YB,10/09/2016,456316,4670799,"16,8","0,6","1,3",261,253,"11,3",2016-09-10 01:09:00,258,2016-09-10 01:09:00
YB,11/09/2016,456316,4670799,"0,1","0,4","1,1",190,224,"5,6",2016-09-11 10:38:00,176,2016-09-11 10:38:00
YB,12/09/2016,456316,4670799,0,"1,1","1,4",202,232,"8,3",2016-09-12 12:51:00,168,2016-09-12 12:51:00
YB,13/09/2016,456316,4670799,"1,8","1,4","1,9",211,225,"9,9",2016-09-13 11:16:00,227,2016-09-13 11:16:00
YB,14/09/2016,456316,4670799,"5,9","0,3","1,6",141,287,8,2016-09-14 13:18:00,158,2016-09-14 13:18:00
YB,15/09/2016,456316,4670799,0,2,"2,4",224,235,12,2016-09-15 12:40:00,227,2016-09-15 12:40:00
YB,16/09/2016,456316,4670799,0,"0,6","1,2",192,218,"7,4",2016-09-16 13:48:00,193,2016-09-16 13:48:00
YB,17/09/2016,456316,4670799,"11,9","0,4",1,221,234,"7,4",2016-09-17 11:46:00,147,2016-09-17 11:46:00
YB,18/09/2016,456316,4670799,0,"0,4",1,207,228,"4,4",2016-09-18 12:38:00,87,2016-09-18 12:38:00
YB,19/09/2016,456316,4670799,0,"0,7","1,2",182,211,"6,4",2016-09-19 14:50:00,128,2016-09-19 14:50:00
YB,20/09/2016,456316,4670799,0,"0,1","0,8",18,271,"4,9",2016-09-20 13:12:00,69,2016-09-20 13:12:00
YB,21/09/2016,456316,4670799,0,"0,4","1,4",133,225,"7,4",2016-09-21 10:41:00,206,2016-09-21 10:41:00
YB,22/09/2016,456316,4670799,0,"0,2","1,2",111,243,"6,7",2016-09-22 16:04:00,70,2016-09-22 16:04:00
YB,23/09/2016,456316,4670799,11,"0,4","1,1",235,243,"7,6",2016-09-23 14:56:00,277,2016-09-23 14:56:00
YB,24/09/2016,456316,4670799,0,"0,7","1,2",183,216,"6,1",2016-09-24 14:36:00,200,2016-09-24 14:36:00
YB,25/09/2016,456316,4670799,"3,7","0,4","1,1",319,269,"12,3",2016-09-25 13:43:00,344,2016-09-25 13:43:00
YB,26/09/2016,456316,4670799,0,"0,4",1,52,267,"6,3",2016-09-26 15:02:00,57,2016-09-26 15:02:00
YB,27/09/2016,456316,4670799,0,"0,2","1,1",203,233,"7,2",2016-09-27 22:26:00,7,2016-09-27 22:26:00
YB,28/09/2016,456316,4670799,0,"0,4","1,2",166,233,"5,8",2016-09-28 13:46:00,155,2016-09-28 13:46:00
YB,29/09/2016,456316,4670799,0,"0,8","1,3",199,239,"7,9",2016-09-29 12:54:00,189,2016-09-29 12:54:00
YB,30/09/2016,456316,4670799,0,"1,5","1,8",201,223,"8,4",2016-09-30 14:03:00,183,2016-09-30 14:03:00
YB,01/10/2016,456316,4670799,"11,9","0,4","1,4",54,266,"5,9",2016-10-01 17:07:00,42,2016-10-01 17:07:00
YB,02/10/2016,456316,4670799,"0,5","0,4","1,2",104,247,"7,2",2016-10-02 13:54:00,88,2016-10-02 13:54:00
YB,03/10/2016,456316,4670799,0,"0,8","1,3",35,327,"6,5",2016-10-03 14:13:00,48,2016-10-03 14:13:00
YB,04/10/2016,456316,4670799,0,"0,8","1,2",43,347,"6,1",2016-10-04 14:31:00,32,2016-10-04 14:31:00
YB,05/10/2016,456316,4670799,0,"0,3",1,295,278,"5,1",2016-10-05 15:32:00,272,2016-10-05 15:32:00
YB,06/10/2016,456316,4670799,"11,8","0,3","1,1",318,290,"8,1",2016-10-06 15:01:00,30,2016-10-06 15:01:00
YB,07/10/2016,456316,4670799,0,"0,3","0,9",45,296,"4,6",2016-10-07 15:32:00,40,2016-10-07 15:32:00
YB,08/10/2016,456316,4670799,0,"0,5","1,3",101,65,"8,6",2016-10-08 13:55:00,39,2016-10-08 13:55:00
YB,09/10/2016,456316,4670799,0,"0,7","1,3",50,322,"7,1",2016-10-09 13:29:00,43,2016-10-09 13:29:00
YB,10/10/2016,456316,4670799,0,"0,3",1,32,296,"5,5",2016-10-10 13:02:00,62,2016-10-10 13:02:00
YB,11/10/2016,456316,4670799,0,"0,2","0,8",24,322,"4,1",2016-10-11 12:09:00,57,2016-10-11 12:09:00
YB,12/10/2016,456316,4670799,"26,3","0,3","0,8",27,322,"4,3",2016-10-12 08:58:00,34,2016-10-12 08:58:00
YB,13/10/2016,456316,4670799,29,"0,1","0,6",351,316,"3,3",2016-10-13 20:16:00,135,2016-10-13 20:16:00
YB,14/10/2016,456316,4670799,"8,3","0,2","1,1",202,244,"8,4",2016-10-14 14:13:00,91,2016-10-14 14:13:00
YB,15/10/2016,456316,4670799,"0,1","0,7","1,2",231,254,8,2016-10-15 11:47:00,225,2016-10-15 11:47:00
YB,16/10/2016,456316,4670799,0,"1,1","1,5",216,235,"7,7",2016-10-16 09:26:00,225,2016-10-16 09:26:00
YB,17/10/2016,456316,4670799,0,"0,3","0,7",277,273,"4,6",2016-10-17 01:35:00,259,2016-10-17 01:35:00
YB,18/10/2016,456316,4670799,0,"0,1","0,9",153,234,"4,8",2016-10-18 11:16:00,71,2016-10-18 11:16:00
YB,19/10/2016,456316,4670799,0,"0,8","1,2",49,15,6,2016-10-19 13:34:00,51,2016-10-19 13:34:00
YB,20/10/2016,456316,4670799,0,"0,9","1,4",45,333,"8,5",2016-10-20 12:43:00,33,2016-10-20 12:43:00
YB,21/10/2016,456316,4670799,0,"0,1","0,8",159,253,"4,9",2016-10-21 15:05:00,53,2016-10-21 15:05:00
YB,22/10/2016,456316,4670799,0,"0,5","0,8",47,12,"5,4",2016-10-22 13:55:00,53,2016-10-22 13:55:00
YB,23/10/2016,456316,4670799,0,"1,4","1,8",229,240,"7,1",2016-10-23 07:40:00,202,2016-10-23 07:40:00
YB,24/10/2016,456316,4670799,0,"0,4","1,6",57,272,"6,9",2016-10-24 14:49:00,52,2016-10-24 14:49:00
YB,25/10/2016,456316,4670799,"3,2","0,7","1,1",257,263,"5,9",2016-10-25 03:33:00,178,2016-10-25 03:33:00
YB,26/10/2016,456316,4670799,0,0,"0,7",297,264,"3,4",2016-10-26 13:05:00,57,2016-10-26 13:05:00
YB,27/10/2016,456316,4670799,0,"0,2","0,9",34,267,"5,4",2016-10-27 12:01:00,48,2016-10-27 12:01:00
YB,28/10/2016,456316,4670799,0,"0,3","0,9",36,270,5,2016-10-28 15:39:00,43,2016-10-28 15:39:00
YB,29/10/2016,456316,4670799,"0,1","0,3","0,9",36,272,"4,9",2016-10-29 15:09:00,53,2016-10-29 15:09:00
YB,30/10/2016,456316,4670799,0,"0,3","0,8",36,295,"4,8",2016-10-30 15:29:00,44,2016-10-30 15:29:00
YB,31/10/2016,456316,4670799,0,"0,5","0,9",51,318,"5,1",2016-10-31 14:45:00,61,2016-10-31 14:45:00
YB,01/11/2016,456316,4670799,0,"0,5",1,187,235,"6,1",2016-11-01 12:50:00,186,2016-11-01 12:50:00
YB,02/11/2016,456316,4670799,0,"0,2","0,8",36,255,"5,4",2016-11-02 14:20:00,55,2016-11-02 14:20:00
YB,03/11/2016,456316,4670799,0,"0,2","0,8",1,277,"4,5",2016-11-03 14:09:00,53,2016-11-03 14:09:00
YB,04/11/2016,456316,4670799,0,0,"0,9",200,272,"8,5",2016-11-04 13:21:00,180,2016-11-04 13:21:00
YB,05/11/2016,456316,4670799,11,"1,1","2,8",248,225,"15,1",2016-11-05 06:12:00,279,2016-11-05 06:12:00
YB,06/11/2016,456316,4670799,6,"0,9","1,6",63,56,"7,4",2016-11-06 14:20:00,176,2016-11-06 14:20:00
YB,07/11/2016,456316,4670799,"9,8","0,4","1,2",16,319,"7,6",2016-11-07 17:36:00,326,2016-11-07 17:36:00
YB,08/11/2016,456316,4670799,0,"0,2",1,262,265,"6,3",2016-11-08 14:22:00,135,2016-11-08 14:22:00
YB,09/11/2016,456316,4670799,0,"0,2",1,234,246,"6,3",2016-11-09 16:06:00,44,2016-11-09 16:06:00
YB,10/11/2016,456316,4670799,0,0,"0,8",325,262,"4,6",2016-11-10 14:31:00,40,2016-11-10 14:31:00
YB,11/11/2016,456316,4670799,0,"0,2","0,8",109,243,4,2016-11-11 11:17:00,51,2016-11-11 11:17:00
YB,12/11/2016,456316,4670799,0,"0,1","0,8",105,240,"4,8",2016-11-12 13:24:00,48,2016-11-12 13:24:00
YB,13/11/2016,456316,4670799,0,"0,1","0,6",345,276,"4,2",2016-11-13 12:32:00,61,2016-11-13 12:32:00
YB,14/11/2016,456316,4670799,0,"0,6","1,2",187,232,"6,6",2016-11-14 12:20:00,150,2016-11-14 12:20:00
YB,15/11/2016,456316,4670799,0,0,"0,9",303,250,"4,6",2016-11-15 12:56:00,50,2016-11-15 12:56:00
YB,16/11/2016,456316,4670799,0,"0,1","0,7",351,268,"4,8",2016-11-16 15:11:00,58,2016-11-16 15:11:00
YB,17/11/2016,456316,4670799,0,"0,3","0,9",39,256,"5,1",2016-11-17 14:09:00,60,2016-11-17 14:09:00
YB,18/11/2016,456316,4670799,0,"0,2",1,61,252,6,2016-11-18 13:43:00,39,2016-11-18 13:43:00
YB,19/11/2016,456316,4670799,0,"1,2","1,8",225,239,"9,7",2016-11-19 21:27:00,223,2016-11-19 21:27:00
YB,20/11/2016,456316,4670799,0,"3,5","3,8",221,223,12,2016-11-20 09:42:00,212,2016-11-20 09:42:00
YB,21/11/2016,456316,4670799,26,"1,8","2,3",214,213,"13,8",2016-11-21 06:34:00,235,2016-11-21 06:34:00
YB,22/11/2016,456316,4670799,9,"0,4",1,268,277,"10,7",2016-11-22 06:19:00,278,2016-11-22 06:19:00
YB,23/11/2016,456316,4670799,"16,3","0,8","1,7",65,30,"17,2",2016-11-23 18:06:00,211,2016-11-23 18:06:00
YB,24/11/2016,456316,4670799,0,"0,7","1,2",249,260,5,2016-11-24 14:27:00,177,2016-11-24 14:27:00
YB,25/11/2016,456316,4670799,0,"0,7","1,1",221,250,"7,1",2016-11-25 12:35:00,174,2016-11-25 12:35:00
YB,26/11/2016,456316,4670799,"28,4","0,3","0,7",258,267,"5,2",2016-11-26 20:17:00,342,2016-11-26 20:17:00
YB,27/11/2016,456316,4670799,"4,8","0,2","0,9",269,241,"4,5",2016-11-27 00:13:00,19,2016-11-27 00:13:00
YB,28/11/2016,456316,4670799,0,"0,2","0,7",45,312,"5,9",2016-11-28 11:29:00,60,2016-11-28 11:29:00
YB,29/11/2016,456316,4670799,"15,7","0,3","0,8",311,290,4,2016-11-29 17:08:00,57,2016-11-29 17:08:00
YB,30/11/2016,456316,4670799,0,"0,4","0,6",244,253,"3,4",2016-11-30 13:58:00,172,2016-11-30 13:58:00
YB,01/12/2016,456316,4670799,0,"0,3","0,6",272,266,"3,5",2016-12-01 15:53:00,260,2016-12-01 15:53:00
YB,02/12/2016,456316,4670799,0,"0,4","0,5",258,258,"3,6",2016-12-02 15:53:00,246,2016-12-02 15:53:00
YB,03/12/2016,456316,4670799,0,"0,2","0,8",11,283,"4,9",2016-12-03 14:52:00,32,2016-12-03 14:52:00
YB,04/12/2016,456316,4670799,"19,6","0,2","0,8",251,259,"4,1",2016-12-04 17:43:00,152,2016-12-04 17:43:00
YB,05/12/2016,456316,4670799,"43,9","0,3","0,9",43,4,"4,5",2016-12-05 16:17:00,42,2016-12-05 16:17:00
YB,06/12/2016,456316,4670799,"0,1","0,2","0,6",212,240,"3,3",2016-12-06 15:41:00,169,2016-12-06 15:41:00
YB,07/12/2016,456316,4670799,0,0,"0,7",2,243,"3,9",2016-12-07 14:00:00,58,2016-12-07 14:00:00
YB,08/12/2016,456316,4670799,0,"0,2","0,7",238,254,"6,2",2016-12-08 14:48:00,52,2016-12-08 14:48:00
YB,09/12/2016,456316,4670799,0,"0,6","1,1",58,256,6,2016-12-09 12:34:00,55,2016-12-09 12:34:00
YB,10/12/2016,456316,4670799,0,"0,1","0,7",46,254,"5,2",2016-12-10 14:27:00,57,2016-12-10 14:27:00
YB,11/12/2016,456316,4670799,0,"0,1","0,7",330,257,"6,6",2016-12-11 14:32:00,32,2016-12-11 14:32:00
YB,12/12/2016,456316,4670799,0,"0,3","0,5",253,260,"3,1",2016-12-12 16:52:00,235,2016-12-12 16:52:00
YB,13/12/2016,456316,4670799,0,"0,4","0,9",49,267,"5,9",2016-12-13 13:00:00,56,2016-12-13 13:00:00
YB,14/12/2016,456316,4670799,0,"0,9","1,2",215,237,"8,6",2016-12-14 11:08:00,218,2016-12-14 11:08:00
YB,15/12/2016,456316,4670799,0,"0,3","0,8",225,255,4,2016-12-15 13:52:00,54,2016-12-15 13:52:00
YB,16/12/2016,456316,4670799,"23,9","0,1","0,9",64,239,"7,4",2016-12-16 16:53:00,67,2016-12-16 16:53:00
YB,17/12/2016,456316,4670799,3,"0,7","1,4",85,95,"5,9",2016-12-17 12:04:00,54,2016-12-17 12:04:00
YB,18/12/2016,456316,4670799,0,"0,3","0,7",245,254,"3,8",2016-12-18 15:56:00,261,2016-12-18 15:56:00
YB,19/12/2016,456316,4670799,"1,8","0,4","0,8",232,250,"5,6",2016-12-19 12:15:00,137,2016-12-19 12:15:00
YB,20/12/2016,456316,4670799,"2,4","0,3","0,5",250,253,"2,9",2016-12-20 21:56:00,267,2016-12-20 21:56:00
YB,21/12/2016,456316,4670799,"1,5","0,3","0,7",238,240,"2,8",2016-12-21 17:27:00,246,2016-12-21 17:27:00
YB,22/12/2016,456316,4670799,0,"0,2","0,8",33,252,"5,8",2016-12-22 15:20:00,53,2016-12-22 15:20:00
YB,23/12/2016,456316,4670799,0,"0,1","0,8",51,252,"4,1",2016-12-23 14:32:00,56,2016-12-23 14:32:00
YB,24/12/2016,456316,4670799,0,"0,3","0,6",251,255,"3,5",2016-12-24 15:24:00,58,2016-12-24 15:24:00
YB,25/12/2016,456316,4670799,0,"0,4","0,7",242,252,"2,6",2016-12-25 17:56:00,195,2016-12-25 17:56:00
YB,26/12/2016,456316,4670799,0,"0,1","0,7",58,260,"5,1",2016-12-26 13:30:00,64,2016-12-26 13:30:00
YB,27/12/2016,456316,4670799,0,"0,1","0,7",253,251,"4,8",2016-12-27 12:20:00,60,2016-12-27 12:20:00
YB,28/12/2016,456316,4670799,0,"0,1","0,8",31,257,"7,5",2016-12-28 14:50:00,40,2016-12-28 14:50:00
YB,29/12/2016,456316,4670799,0,"0,3","0,8",59,262,"6,3",2016-12-29 15:20:00,52,2016-12-29 15:20:00
YB,30/12/2016,456316,4670799,0,"0,2","0,6",269,261,"3,8",2016-12-30 14:35:00,58,2016-12-30 14:35:00
YB,31/12/2016,456316,4670799,0,"0,5","0,8",213,243,"4,5",2016-12-31 13:02:00,182,2016-12-31 13:02:00
YB,01/01/2017,456316,4670799,0,"0,2","0,8",193,258,"7,4",2017-01-01 14:29:00,189,2017-01-01 14:29:00
YB,02/01/2017,456316,4670799,0,"0,1","0,8",77,242,"3,5",2017-01-02 15:07:00,75,2017-01-02 15:07:00
YB,03/01/2017,456316,4670799,0,0,"0,7",299,248,"3,8",2017-01-03 15:00:00,57,2017-01-03 15:00:00
YB,04/01/2017,456316,4670799,0,"0,2","0,8",258,255,"4,5",2017-01-04 13:32:00,55,2017-01-04 13:32:00
YB,05/01/2017,456316,4670799,0,"0,4","1,2",220,226,"5,5",2017-01-05 07:17:00,4,2017-01-05 07:17:00
YB,06/01/2017,456316,4670799,0,"0,2","1,1",22,263,"6,1",2017-01-06 12:05:00,64,2017-01-06 12:05:00
YB,07/01/2017,456316,4670799,0,"0,2","0,7",244,255,"3,8",2017-01-07 14:45:00,59,2017-01-07 14:45:00
YB,08/01/2017,456316,4670799,0,"0,3","1,3",249,237,"9,2",2017-01-08 10:48:00,63,2017-01-08 10:48:00
YB,09/01/2017,456316,4670799,0,"0,1",1,34,253,"4,9",2017-01-09 13:48:00,55,2017-01-09 13:48:00
YB,10/01/2017,456316,4670799,0,"0,1","1,1",72,266,"9,8",2017-01-10 19:54:00,268,2017-01-10 19:54:00
YB,11/01/2017,456316,4670799,0,"0,2","1,3",8,261,"9,9",2017-01-11 03:17:00,84,2017-01-11 03:17:00
YB,12/01/2017,456316,4670799,0,"0,4","0,9",233,238,"6,1",2017-01-12 15:45:00,192,2017-01-12 15:45:00
YB,13/01/2017,456316,4670799,"0,1","0,4","1,5",335,304,"13,4",2017-01-13 13:18:00,262,2017-01-13 13:18:00
YB,14/01/2017,456316,4670799,0,"1,1","2,5",334,313,"16,7",2017-01-14 16:36:00,338,2017-01-14 16:36:00
YB,15/01/2017,456316,4670799,0,"1,8","3,3",320,304,"20,7",2017-01-15 14:13:00,5,2017-01-15 14:13:00
YB,16/01/2017,456316,4670799,"0,1","0,7","2,3",350,292,"17,1",2017-01-16 17:16:00,332,2017-01-16 17:16:00
YB,17/01/2017,456316,4670799,0,"1,2","2,7",353,333,"20,4",2017-01-17 01:49:00,318,2017-01-17 01:49:00
YB,18/01/2017,456316,4670799,0,"0,1",1,331,261,"5,1",2017-01-18 13:32:00,47,2017-01-18 13:32:00
YB,19/01/2017,456316,4670799,"0,2","0,9","1,4",62,22,"7,2",2017-01-19 14:55:00,54,2017-01-19 14:55:00
YB,20/01/2017,456316,4670799,20,"1,2","1,4",47,46,"7,4",2017-01-20 01:39:00,75,2017-01-20 01:39:00
YB,21/01/2017,456316,4670799,"3,4","2,3","2,6",39,38,11,2017-01-21 21:47:00,41,2017-01-21 21:47:00
YB,22/01/2017,456316,4670799,"5,1",1,"1,6",42,22,"9,8",2017-01-22 00:34:00,78,2017-01-22 00:34:00
YB,23/01/2017,456316,4670799,"7,4","0,4","0,9",269,265,8,2017-01-23 12:54:00,63,2017-01-23 12:54:00
YB,24/01/2017,456316,4670799,0,"0,1",1,263,242,"5,7",2017-01-24 14:04:00,52,2017-01-24 14:04:00
YB,25/01/2017,456316,4670799,"8,8",,,,,"3,9",2017-01-25 12:23:00,52,2017-01-25 12:23:00
YB,26/01/2017,456316,4670799,1,,,,,"4,8",2017-01-26 14:21:00,224,2017-01-26 14:21:00
YB,27/01/2017,456316,4670799,"18,3","0,3","0,9",261,261,"5,8",2017-01-27 15:38:00,346,2017-01-27 15:38:00
YB,28/01/2017,456316,4670799,"7,4","0,4","0,9",220,228,5,2017-01-28 17:28:00,288,2017-01-28 17:28:00
YB,29/01/2017,456316,4670799,0,"0,6","0,9",237,258,5,2017-01-29 15:42:00,221,2017-01-29 15:42:00
YB,30/01/2017,456316,4670799,0,"0,4",1,54,270,"6,4",2017-01-30 14:08:00,43,2017-01-30 14:08:00
YB,31/01/2017,456316,4670799,0,1,"1,5",59,318,"8,1",2017-01-31 13:07:00,101,2017-01-31 13:07:00
YB,01/02/2017,456316,4670799,0,"0,1","1,3",76,305,"7,4",2017-02-01 14:56:00,198,2017-02-01 14:56:00
YB,02/02/2017,456316,4670799,"0,5","2,5","3,1",218,226,"11,1",2017-02-02 12:49:00,208,2017-02-02 12:49:00
YB,03/02/2017,456316,4670799,"0,2","1,9","2,9",242,248,"15,3",2017-02-03 13:51:00,234,2017-02-03 13:51:00
YB,04/02/2017,456316,4670799,0,"0,6","3,4",327,44,"23,3",2017-02-04 06:00:00,269,2017-02-04 06:00:00
YB,05/02/2017,456316,4670799,"0,2","0,6","3,3",306,325,"13,6",2017-02-05 00:38:00,270,2017-02-05 00:38:00
YB,06/02/2017,456316,4670799,0,"1,5","3,3",316,310,21,2017-02-06 10:37:00,318,2017-02-06 10:37:00
YB,07/02/2017,456316,4670799,"22,8","0,7","1,6",70,99,"6,4",2017-02-07 19:43:00,70,2017-02-07 19:43:00
YB,08/02/2017,456316,4670799,"7,5","0,9","1,7",302,276,"9,5",2017-02-08 14:28:00,289,2017-02-08 14:28:00
YB,09/02/2017,456316,4670799,0,"0,2","1,2",109,249,7,2017-02-09 14:15:00,85,2017-02-09 14:15:00
YB,10/02/2017,456316,4670799,0,"1,1","1,6",222,240,"8,4",2017-02-10 09:15:00,244,2017-02-10 09:15:00
YB,11/02/2017,456316,4670799,2,"0,2","0,8",179,257,"4,9",2017-02-11 14:41:00,161,2017-02-11 14:41:00
YB,12/02/2017,456316,4670799,"1,2","1,1","1,4",55,50,6,2017-02-12 14:24:00,56,2017-02-12 14:24:00
YB,13/02/2017,456316,4670799,"32,6","1,5","1,8",65,65,"7,5",2017-02-13 10:12:00,77,2017-02-13 10:12:00
YB,14/02/2017,456316,4670799,"16,4",1,"1,3",58,49,"7,1",2017-02-14 02:58:00,159,2017-02-14 02:58:00
YB,15/02/2017,456316,4670799,"0,8","0,2",1,148,189,"4,8",2017-02-15 14:23:00,98,2017-02-15 14:23:00
YB,16/02/2017,456316,4670799,0,"0,2","1,2",265,253,"5,5",2017-02-16 16:55:00,59,2017-02-16 16:55:00
YB,17/02/2017,456316,4670799,0,"0,1",1,27,260,"5,1",2017-02-17 13:18:00,36,2017-02-17 13:18:00
YB,18/02/2017,456316,4670799,0,"0,6","1,1",58,17,6,2017-02-18 13:17:00,35,2017-02-18 13:17:00
YB,19/02/2017,456316,4670799,0,"0,2","0,9",96,233,"5,1",2017-02-19 13:38:00,72,2017-02-19 13:38:00
YB,20/02/2017,456316,4670799,0,"0,4","1,1",43,272,6,2017-02-20 14:00:00,52,2017-02-20 14:00:00
YB,21/02/2017,456316,4670799,0,"0,2","1,1",0,278,5,2017-02-21 14:34:00,37,2017-02-21 14:34:00
YB,22/02/2017,456316,4670799,0,"0,4","1,2",45,266,6,2017-02-22 16:03:00,50,2017-02-22 16:03:00
YB,23/02/2017,456316,4670799,0,"0,2","0,9",82,229,6,2017-02-23 13:36:00,62,2017-02-23 13:36:00
YB,24/02/2017,456316,4670799,0,"0,2","1,3",118,247,"5,6",2017-02-24 17:14:00,42,2017-02-24 17:14:00
YB,25/02/2017,456316,4670799,0,"0,2","1,3",121,228,"5,7",2017-02-25 12:15:00,35,2017-02-25 12:15:00
YB,26/02/2017,456316,4670799,0,"0,6","1,3",24,285,"6,2",2017-02-26 15:25:00,34,2017-02-26 15:25:00
YB,27/02/2017,456316,4670799,0,"2,1","2,4",216,235,"12,1",2017-02-27 17:08:00,231,2017-02-27 17:08:00
YB,28/02/2017,456316,4670799,0,"0,8","1,8",236,263,"12,3",2017-02-28 14:33:00,216,2017-02-28 14:33:00
YB,01/03/2017,456316,4670799,0,"0,2","1,2",218,262,"6,7",2017-03-01 18:04:00,48,2017-03-01 18:04:00
YB,02/03/2017,456316,4670799,0,"0,2",1,174,246,"6,3",2017-03-02 14:25:00,163,2017-03-02 14:25:00
YB,03/03/2017,456316,4670799,2,"1,4","2,4",190,207,"12,1",2017-03-03 11:47:00,198,2017-03-03 11:47:00
YB,04/03/2017,456316,4670799,"17,8","1,3","2,4",201,209,"9,1",2017-03-04 02:14:00,159,2017-03-04 02:14:00
YB,05/03/2017,456316,4670799,0,"0,9","1,7",190,234,"9,4",2017-03-05 11:12:00,179,2017-03-05 11:12:00
YB,06/03/2017,456316,4670799,0,"1,9","2,6",267,258,"17,1",2017-03-06 20:48:00,267,2017-03-06 20:48:00
YB,07/03/2017,456316,4670799,0,"0,4","1,5",36,30,"6,7",2017-03-07 13:52:00,31,2017-03-07 13:52:00
YB,08/03/2017,456316,4670799,0,"0,2","1,2",42,228,"5,4",2017-03-08 17:24:00,47,2017-03-08 17:24:00
YB,09/03/2017,456316,4670799,0,"0,5","1,4",42,276,"6,3",2017-03-09 15:44:00,50,2017-03-09 15:44:00
YB,10/03/2017,456316,4670799,0,"0,2",1,44,258,"5,9",2017-03-10 14:55:00,31,2017-03-10 14:55:00
YB,11/03/2017,456316,4670799,0,"1,1","1,7",42,6,"6,6",2017-03-11 14:08:00,27,2017-03-11 14:08:00
YB,12/03/2017,456316,4670799,0,"0,1",1,258,267,"5,6",2017-03-12 11:56:00,33,2017-03-12 11:56:00
YB,13/03/2017,456316,4670799,0,"1,2","2,2",59,282,"12,9",2017-03-13 15:36:00,63,2017-03-13 15:36:00
YB,14/03/2017,456316,4670799,0,"0,7","1,4",179,225,"7,2",2017-03-14 14:18:00,141,2017-03-14 14:18:00
YB,15/03/2017,456316,4670799,0,"0,3","1,2",120,240,"5,9",2017-03-15 15:50:00,61,2017-03-15 15:50:00
YB,16/03/2017,456316,4670799,0,"0,3","1,3",94,260,"6,5",2017-03-16 14:39:00,161,2017-03-16 14:39:00
YB,17/03/2017,456316,4670799,0,"0,4","1,2",82,275,7,2017-03-17 14:24:00,87,2017-03-17 14:24:00
YB,18/03/2017,456316,4670799,0,"0,7","1,4",47,319,"6,5",2017-03-18 11:37:00,31,2017-03-18 11:37:00
YB,19/03/2017,456316,4670799,0,"0,2","1,3",69,241,"6,9",2017-03-19 12:19:00,66,2017-03-19 12:19:00
YB,20/03/2017,456316,4670799,0,"0,8","1,6",40,305,"8,1",2017-03-20 14:06:00,49,2017-03-20 14:06:00
YB,21/03/2017,456316,4670799,0,"0,9","1,5",60,20,"7,1",2017-03-21 13:35:00,44,2017-03-21 13:35:00
YB,22/03/2017,456316,4670799,0,"1,5","2,5",218,235,"11,1",2017-03-22 15:32:00,186,2017-03-22 15:32:00
YB,23/03/2017,456316,4670799,0,"1,5","2,1",208,223,"11,2",2017-03-23 13:14:00,166,2017-03-23 13:14:00
YB,24/03/2017,456316,4670799,34,"0,8","1,6",76,282,"14,5",2017-03-24 21:14:00,99,2017-03-24 21:14:00
YB,25/03/2017,456316,4670799,"25,1","0,7","3,3",189,214,"13,2",2017-03-25 00:35:00,65,2017-03-25 00:35:00
YB,26/03/2017,456316,4670799,0,"1,4",2,208,234,9,2017-03-26 09:12:00,170,2017-03-26 09:12:00
YB,27/03/2017,456316,4670799,"0,1","0,2","1,3",61,256,"7,1",2017-03-27 12:07:00,238,2017-03-27 12:07:00
YB,28/03/2017,456316,4670799,0,"0,2","1,1",95,246,"6,2",2017-03-28 13:35:00,87,2017-03-28 13:35:00
YB,29/03/2017,456316,4670799,0,0,"1,2",194,262,"6,8",2017-03-29 16:05:00,73,2017-03-29 16:05:00
YB,30/03/2017,456316,4670799,0,"1,6",2,199,235,"9,3",2017-03-30 16:38:00,212,2017-03-30 16:38:00
YB,31/03/2017,456316,4670799,0,"0,5","1,9",179,196,"9,3",2017-03-31 20:47:00,14,2017-03-31 20:47:00
YB,01/04/2017,456316,4670799,2,"0,4","1,3",41,14,"4,8",2017-04-01 14:42:00,51,2017-04-01 14:42:00
YB,02/04/2017,456316,4670799,0,"0,5","1,3",191,228,"5,5",2017-04-02 14:57:00,141,2017-04-02 14:57:00
YB,03/04/2017,456316,4670799,0,"0,2","1,3",173,237,"7,1",2017-04-03 15:26:00,88,2017-04-03 15:26:00
YB,04/04/2017,456316,4670799,0,"0,6","1,3",166,228,7,2017-04-04 14:30:00,170,2017-04-04 14:30:00
YB,05/04/2017,456316,4670799,0,"0,5","1,4",205,234,"7,5",2017-04-05 19:52:00,61,2017-04-05 19:52:00
YB,06/04/2017,456316,4670799,0,"0,5","1,4",178,219,"6,8",2017-04-06 16:28:00,185,2017-04-06 16:28:00
YB,07/04/2017,456316,4670799,0,"0,2","1,2",73,281,"6,3",2017-04-07 12:54:00,93,2017-04-07 12:54:00
YB,08/04/2017,456316,4670799,0,"0,4","1,5",114,242,"7,6",2017-04-08 14:04:00,52,2017-04-08 14:04:00
YB,09/04/2017,456316,4670799,0,"0,6","1,2",163,222,"7,3",2017-04-09 13:25:00,46,2017-04-09 13:25:00
YB,10/04/2017,456316,4670799,"15,6","0,4","1,3",281,267,"10,9",2017-04-10 18:30:00,271,2017-04-10 18:30:00
YB,11/04/2017,456316,4670799,"0,1","0,5","1,5",116,241,"8,4",2017-04-11 11:56:00,43,2017-04-11 11:56:00
YB,12/04/2017,456316,4670799,0,"0,6","1,4",36,308,"7,6",2017-04-12 14:06:00,30,2017-04-12 14:06:00
YB,13/04/2017,456316,4670799,0,"0,3","1,2",31,295,"7,3",2017-04-13 11:50:00,45,2017-04-13 11:50:00
YB,14/04/2017,456316,4670799,"6,7","0,2",1,243,264,"5,8",2017-04-14 14:56:00,197,2017-04-14 14:56:00
YB,15/04/2017,456316,4670799,"9,3","0,3","1,3",10,276,"9,9",2017-04-15 14:36:00,21,2017-04-15 14:36:00
YB,16/04/2017,456316,4670799,0,"0,4","1,1",73,6,"5,5",2017-04-16 16:04:00,86,2017-04-16 16:04:00
YB,17/04/2017,456316,4670799,0,"0,1",1,82,278,"5,1",2017-04-17 12:40:00,57,2017-04-17 12:40:00
YB,18/04/2017,456316,4670799,0,"0,7","1,6",110,139,"6,2",2017-04-18 13:42:00,116,2017-04-18 13:42:00
YB,19/04/2017,456316,4670799,0,"0,9","1,6",124,160,"8,2",2017-04-19 12:29:00,150,2017-04-19 12:29:00
YB,20/04/2017,456316,4670799,0,"0,5","1,5",154,212,"8,6",2017-04-20 13:56:00,144,2017-04-20 13:56:00
YB,21/04/2017,456316,4670799,0,"0,8","1,7",37,316,8,2017-04-21 15:07:00,52,2017-04-21 15:07:00
YB,22/04/2017,456316,4670799,0,"0,3","1,3",67,256,"6,6",2017-04-22 12:24:00,71,2017-04-22 12:24:00
YB,23/04/2017,456316,4670799,0,"0,1","1,3",128,265,"6,9",2017-04-23 13:48:00,138,2017-04-23 13:48:00
YB,24/04/2017,456316,4670799,0,"1,5","2,2",30,338,"8,7",2017-04-24 13:18:00,20,2017-04-24 13:18:00
YB,25/04/2017,456316,4670799,"0,3","1,9","2,5",211,227,10,2017-04-25 12:40:00,247,2017-04-25 12:40:00
YB,26/04/2017,456316,4670799,"32,5","1,2","1,5",66,65,5,2017-04-26 01:31:00,116,2017-04-26 01:31:00
YB,27/04/2017,456316,4670799,"17,7","0,2","1,1",240,245,"5,3",2017-04-27 23:21:00,247,2017-04-27 23:21:00
YB,28/04/2017,456316,4670799,0,"0,3","1,3",179,238,"6,3",2017-04-28 14:26:00,136,2017-04-28 14:26:00
YB,29/04/2017,456316,4670799,0,"1,5","2,5",207,228,"9,6",2017-04-29 17:42:00,196,2017-04-29 17:42:00
YB,30/04/2017,456316,4670799,1,"2,1","3,3",220,215,"10,9",2017-04-30 10:49:00,246,2017-04-30 10:49:00
YB,01/05/2017,456316,4670799,0,"0,7","1,5",63,53,"6,7",2017-05-01 13:08:00,52,2017-05-01 13:08:00
YB,02/05/2017,456316,4670799,"1,1","0,1","0,8",354,280,"4,7",2017-05-02 14:41:00,51,2017-05-02 14:41:00
YB,03/05/2017,456316,4670799,"5,8","0,6",1,28,346,"5,2",2017-05-03 13:44:00,53,2017-05-03 13:44:00
YB,04/05/2017,456316,4670799,0,"0,8","1,4",45,345,"7,6",2017-05-04 13:10:00,30,2017-05-04 13:10:00
YB,05/05/2017,456316,4670799,0,"0,9","1,3",48,28,"8,7",2017-05-05 13:46:00,58,2017-05-05 13:46:00
YB,06/05/2017,456316,4670799,"0,9","0,7","1,4",47,34,"6,4",2017-05-06 13:43:00,56,2017-05-06 13:43:00
YB,07/05/2017,456316,4670799,0,"0,5","1,3",90,212,"6,7",2017-05-07 13:09:00,52,2017-05-07 13:09:00
YB,08/05/2017,456316,4670799,0,"0,3","1,2",108,243,6,2017-05-08 12:47:00,80,2017-05-08 12:47:00
YB,09/05/2017,456316,4670799,0,"0,9","1,5",45,10,8,2017-05-09 13:08:00,52,2017-05-09 13:08:00
YB,10/05/2017,456316,4670799,0,1,"1,7",182,207,"8,1",2017-05-10 09:50:00,193,2017-05-10 09:50:00
YB,11/05/2017,456316,4670799,"1,4",1,"1,7",216,248,"10,7",2017-05-11 11:22:00,278,2017-05-11 11:22:00
YB,12/05/2017,456316,4670799,0,"2,6","3,2",227,241,"11,4",2017-05-12 15:00:00,254,2017-05-12 15:00:00
YB,13/05/2017,456316,4670799,0,"0,1","1,9",191,284,"9,4",2017-05-13 15:06:00,27,2017-05-13 15:06:00
YB,14/05/2017,456316,4670799,"7,1","0,6","1,1",265,276,"6,4",2017-05-14 16:53:00,279,2017-05-14 16:53:00
YB,15/05/2017,456316,4670799,"0,1","0,2","1,1",279,272,"6,4",2017-05-15 15:53:00,25,2017-05-15 15:53:00
YB,16/05/2017,456316,4670799,0,"0,8","1,5",39,323,"7,3",2017-05-16 15:05:00,65,2017-05-16 15:05:00
YB,17/05/2017,456316,4670799,0,"0,9","1,7",204,241,"8,7",2017-05-17 15:00:00,213,2017-05-17 15:00:00
YB,18/05/2017,456316,4670799,"4,7","0,5","1,7",127,211,10,2017-05-18 15:49:00,222,2017-05-18 15:49:00
YB,19/05/2017,456316,4670799,"0,1","1,3","1,8",66,60,"7,5",2017-05-19 11:37:00,155,2017-05-19 11:37:00
YB,20/05/2017,456316,4670799,0,"0,7","1,4",71,48,"6,7",2017-05-20 15:00:00,68,2017-05-20 15:00:00
YB,21/05/2017,456316,4670799,0,1,"1,5",33,354,"7,2",2017-05-21 15:00:00,25,2017-05-21 15:00:00
YB,22/05/2017,456316,4670799,"0,1","1,6","2,1",51,40,"8,1",2017-05-22 13:45:00,35,2017-05-22 13:45:00
YB,23/05/2017,456316,4670799,0,"0,1","1,3",301,290,"7,6",2017-05-23 13:12:00,11,2017-05-23 13:12:00
YB,24/05/2017,456316,4670799,0,"0,3","1,3",185,244,"7,5",2017-05-24 14:14:00,79,2017-05-24 14:14:00
YB,25/05/2017,456316,4670799,0,"0,2","1,3",113,304,"7,2",2017-05-25 13:56:00,120,2017-05-25 13:56:00
YB,26/05/2017,456316,4670799,0,"1,6",2,37,15,8,2017-05-26 13:33:00,39,2017-05-26 13:33:00
YB,27/05/2017,456316,4670799,0,"0,4","1,3",117,159,"5,9",2017-05-27 14:13:00,164,2017-05-27 14:13:00
YB,28/05/2017,456316,4670799,0,1,"1,6",188,225,"7,2",2017-05-28 11:26:00,229,2017-05-28 11:26:00
YB,29/05/2017,456316,4670799,0,"1,2","1,8",186,216,"10,2",2017-05-29 09:55:00,180,2017-05-29 09:55:00
YB,30/05/2017,456316,4670799,"1,7","0,8","1,1",265,266,"7,7",2017-05-30 09:33:00,284,2017-05-30 09:33:00
YB,31/05/2017,456316,4670799,0,"0,2","1,1",114,255,"6,2",2017-05-31 16:01:00,145,2017-05-31 16:01:00
YB,01/06/2017,456316,4670799,"9,5","0,4","1,2",296,284,"10,1",2017-06-01 13:07:00,170,2017-06-01 13:07:00
YB,02/06/2017,456316,4670799,"13,9","0,5","1,4",19,310,7,2017-06-02 11:37:00,16,2017-06-02 11:37:00
YB,03/06/2017,456316,4670799,"3,9","0,6","1,7",204,230,"9,2",2017-06-03 12:17:00,216,2017-06-03 12:17:00
YB,04/06/2017,456316,4670799,"5,4","0,4","1,1",241,271,"7,4",2017-06-04 16:22:00,190,2017-06-04 16:22:00
YB,05/06/2017,456316,4670799,"2,6","0,3","0,9",283,266,"3,8",2017-06-05 10:55:00,353,2017-06-05 10:55:00
YB,06/06/2017,456316,4670799,0,"0,9","1,5",119,114,"8,6",2017-06-06 13:04:00,160,2017-06-06 13:04:00
YB,07/06/2017,456316,4670799,0,"0,4","1,7",78,240,"10,1",2017-06-07 13:22:00,52,2017-06-07 13:22:00
YB,08/06/2017,456316,4670799,0,"1,5",2,31,11,"8,2",2017-06-08 12:43:00,21,2017-06-08 12:43:00
YB,09/06/2017,456316,4670799,"0,3",1,"1,7",49,34,"7,1",2017-06-09 12:09:00,7,2017-06-09 12:09:00
YB,10/06/2017,456316,4670799,0,"0,6","1,5",29,324,"6,8",2017-06-10 14:53:00,32,2017-06-10 14:53:00
YB,11/06/2017,456316,4670799,0,"0,8","1,7",42,337,"8,1",2017-06-11 13:40:00,55,2017-06-11 13:40:00
YB,12/06/2017,456316,4670799,0,"0,1","1,4",204,265,"7,4",2017-06-12 14:13:00,52,2017-06-12 14:13:00
YB,13/06/2017,456316,4670799,0,"0,6","1,4",188,242,"6,7",2017-06-13 14:38:00,148,2017-06-13 14:38:00
YB,14/06/2017,456316,4670799,0,"0,6","1,6",36,317,"8,5",2017-06-14 13:15:00,17,2017-06-14 13:15:00
YB,15/06/2017,456316,4670799,0,"0,4","1,5",54,359,"13,8",2017-06-15 14:46:00,54,2017-06-15 14:46:00
YB,16/06/2017,456316,4670799,0,"0,4","1,4",146,244,"6,7",2017-06-16 13:25:00,93,2017-06-16 13:25:00
YB,17/06/2017,456316,4670799,0,"0,4","1,6",198,252,"7,5",2017-06-17 16:18:00,156,2017-06-17 16:18:00
YB,18/06/2017,456316,4670799,0,"0,4","1,5",54,340,"7,1",2017-06-18 16:31:00,80,2017-06-18 16:31:00
YB,19/06/2017,456316,4670799,0,"1,2","1,8",200,226,"9,1",2017-06-19 15:25:00,195,2017-06-19 15:25:00
YB,20/06/2017,456316,4670799,0,"0,3","1,4",19,293,"7,9",2017-06-20 15:34:00,52,2017-06-20 15:34:00
YB,21/06/2017,456316,4670799,0,"0,3","1,2",311,276,"7,3",2017-06-21 12:05:00,10,2017-06-21 12:05:00
YB,22/06/2017,456316,4670799,0,"0,4","1,4",352,292,9,2017-06-22 13:16:00,30,2017-06-22 13:16:00
YB,23/06/2017,456316,4670799,0,"0,8","1,5",19,332,"8,8",2017-06-23 13:44:00,11,2017-06-23 13:44:00
YB,24/06/2017,456316,4670799,0,"0,4","1,5",98,284,"8,2",2017-06-24 16:27:00,52,2017-06-24 16:27:00
YB,25/06/2017,456316,4670799,0,"0,6","1,5",33,335,"6,4",2017-06-25 12:55:00,56,2017-06-25 12:55:00
YB,26/06/2017,456316,4670799,0,"0,3","1,6",339,291,"8,1",2017-06-26 16:13:00,57,2017-06-26 16:13:00
YB,27/06/2017,456316,4670799,0,"1,1","1,9",176,205,"9,1",2017-06-27 16:07:00,171,2017-06-27 16:07:00
YB,28/06/2017,456316,4670799,"5,6","0,3","2,3",165,141,"10,3",2017-06-28 12:19:00,218,2017-06-28 12:19:00
YB,29/06/2017,456316,4670799,0,"0,4","1,7",107,335,"9,9",2017-06-29 14:34:00,70,2017-06-29 14:34:00
YB,30/06/2017,456316,4670799,"11,4","0,5","1,8",218,258,"11,5",2017-06-30 13:10:00,66,2017-06-30 13:10:00
YB,01/07/2017,456316,4670799,"5,6","0,4","1,4",354,303,"7,7",2017-07-01 11:02:00,37,2017-07-01 11:02:00
YB,02/07/2017,456316,4670799,0,"0,4","1,6",98,248,"6,5",2017-07-02 14:57:00,114,2017-07-02 14:57:00
YB,03/07/2017,456316,4670799,0,"0,5","1,4",64,348,"6,8",2017-07-03 14:46:00,63,2017-07-03 14:46:00
YB,04/07/2017,456316,4670799,0,"1,3",2,29,339,"8,5",2017-07-04 15:42:00,42,2017-07-04 15:42:00
YB,05/07/2017,456316,4670799,0,"0,4","1,6",100,306,"7,4",2017-07-05 14:39:00,156,2017-07-05 14:39:00
YB,06/07/2017,456316,4670799,0,"0,8","1,9",56,28,"8,2",2017-07-06 14:24:00,32,2017-07-06 14:24:00
YB,07/07/2017,456316,4670799,0,1,"1,7",30,327,"8,2",2017-07-07 14:32:00,55,2017-07-07 14:32:00
YB,08/07/2017,456316,4670799,0,"0,4","1,3",340,310,8,2017-07-08 03:58:00,192,2017-07-08 03:58:00
YB,09/07/2017,456316,4670799,"19,1","0,6","1,5",41,331,"7,3",2017-07-09 13:02:00,73,2017-07-09 13:02:00
YB,10/07/2017,456316,4670799,"17,3","0,4","1,5",272,292,"14,8",2017-07-10 17:19:00,25,2017-07-10 17:19:00
YB,11/07/2017,456316,4670799,0,"0,8","1,8",52,347,"10,2",2017-07-11 12:57:00,50,2017-07-11 12:57:00
YB,12/07/2017,456316,4670799,0,"1,1","1,7",54,21,"8,1",2017-07-12 11:05:00,30,2017-07-12 11:05:00
YB,13/07/2017,456316,4670799,0,"0,6","1,7",70,356,"8,8",2017-07-13 11:30:00,32,2017-07-13 11:30:00
YB,14/07/2017,456316,4670799,0,"0,7","1,5",25,340,"6,9",2017-07-14 12:24:00,39,2017-07-14 12:24:00
YB,15/07/2017,456316,4670799,0,"0,5","1,5",82,301,"7,5",2017-07-15 16:22:00,106,2017-07-15 16:22:00
YB,16/07/2017,456316,4670799,0,"0,7","1,7",59,355,"7,4",2017-07-16 12:44:00,36,2017-07-16 12:44:00
YB,17/07/2017,456316,4670799,0,"0,7","1,6",116,95,"7,4",2017-07-17 14:39:00,156,2017-07-17 14:39:00
YB,18/07/2017,456316,4670799,0,"0,5",2,180,261,"9,5",2017-07-18 15:38:00,64,2017-07-18 15:38:00
YB,19/07/2017,456316,4670799,0,"0,7",2,146,203,"8,8",2017-07-19 14:39:00,135,2017-07-19 14:39:00
YB,20/07/2017,456316,4670799,0,"0,5","1,4",89,328,"6,8",2017-07-20 13:56:00,74,2017-07-20 13:56:00
YB,21/07/2017,456316,4670799,"1,2",0,"1,3",217,285,"7,1",2017-07-21 16:13:00,163,2017-07-21 16:13:00
YB,22/07/2017,456316,4670799,0,"1,1","1,9",51,21,"8,7",2017-07-22 14:05:00,33,2017-07-22 14:05:00
YB,23/07/2017,456316,4670799,"31,5","0,6","1,8",107,250,"9,4",2017-07-23 14:22:00,57,2017-07-23 14:22:00
YB,24/07/2017,456316,4670799,"0,1","0,5","1,4",87,48,"6,1",2017-07-24 11:56:00,19,2017-07-24 11:56:00
YB,25/07/2017,456316,4670799,"0,1","0,4","1,4",146,250,"7,7",2017-07-25 14:43:00,164,2017-07-25 14:43:00
YB,26/07/2017,456316,4670799,0,"0,2","1,4",80,320,"6,3",2017-07-26 10:38:00,50,2017-07-26 10:38:00
YB,27/07/2017,456316,4670799,0,"0,9","1,6",29,329,"7,9",2017-07-27 14:10:00,57,2017-07-27 14:10:00
YB,28/07/2017,456316,4670799,0,"1,2","1,8",47,354,"7,8",2017-07-28 12:45:00,50,2017-07-28 12:45:00
YB,29/07/2017,456316,4670799,0,"0,8","1,6",201,243,"9,1",2017-07-29 14:34:00,217,2017-07-29 14:34:00
YB,30/07/2017,456316,4670799,0,"1,2","1,8",36,348,"7,4",2017-07-30 13:34:00,25,2017-07-30 13:34:00
YB,31/07/2017,456316,4670799,0,"1,3","1,8",30,348,"8,4",2017-07-31 14:16:00,35,2017-07-31 14:16:00
YB,01/08/2017,456316,4670799,"2,3","0,5","1,5",308,300,"14,9",2017-08-01 14:15:00,277,2017-08-01 14:15:00
YB,02/08/2017,456316,4670799,0,"0,6","1,7",46,295,"7,9",2017-08-02 13:23:00,68,2017-08-02 13:23:00
YB,03/08/2017,456316,4670799,0,"0,3","1,6",59,289,"8,6",2017-08-03 14:42:00,35,2017-08-03 14:42:00
YB,04/08/2017,456316,4670799,0,"0,4","1,5",80,273,"7,1",2017-08-04 14:55:00,101,2017-08-04 14:55:00
YB,05/08/2017,456316,4670799,0,"0,9","1,8",59,349,"9,9",2017-08-05 12:40:00,28,2017-08-05 12:40:00
YB,06/08/2017,456316,4670799,"1,8","0,4","1,4",112,243,"6,5",2017-08-06 13:13:00,105,2017-08-06 13:13:00
YB,07/08/2017,456316,4670799,0,"1,8","2,3",203,225,"9,8",2017-08-07 16:15:00,226,2017-08-07 16:15:00
YB,08/08/2017,456316,4670799,0,"0,3","1,2",105,157,"5,7",2017-08-08 10:16:00,154,2017-08-08 10:16:00
YB,09/08/2017,456316,4670799,"5,5","0,3","1,3",87,282,"7,1",2017-08-09 15:05:00,144,2017-08-09 15:05:00
YB,10/08/2017,456316,4670799,"7,9",0,"1,2",226,270,"6,1",2017-08-10 12:39:00,139,2017-08-10 12:39:00
YB,11/08/2017,456316,4670799,0,"0,3","1,3",95,312,7,2017-08-11 13:42:00,94,2017-08-11 13:42:00
YB,12/08/2017,456316,4670799,0,"0,3","1,3",102,254,"6,5",2017-08-12 14:40:00,38,2017-08-12 14:40:00
YB,13/08/2017,456316,4670799,0,"0,3","1,2",185,236,"5,7",2017-08-13 14:13:00,86,2017-08-13 14:13:00
YB,14/08/2017,456316,4670799,0,"0,7","1,7",95,325,"6,9",2017-08-14 11:43:00,47,2017-08-14 11:43:00
YB,15/08/2017,456316,4670799,"2,8","0,2","1,6",55,260,"7,5",2017-08-15 12:27:00,51,2017-08-15 12:27:00
YB,16/08/2017,456316,4670799,0,"0,5","1,5",56,318,"7,2",2017-08-16 14:23:00,48,2017-08-16 14:23:00
YB,17/08/2017,456316,4670799,0,"0,2","1,4",128,226,"6,8",2017-08-17 14:07:00,107,2017-08-17 14:07:00
YB,18/08/2017,456316,4670799,0,"0,8","1,8",145,212,"11,3",2017-08-18 14:32:00,63,2017-08-18 14:32:00
YB,19/08/2017,456316,4670799,0,1,"1,8",70,68,"8,2",2017-08-19 13:16:00,54,2017-08-19 13:16:00
YB,20/08/2017,456316,4670799,0,"0,6","1,4",104,180,"7,1",2017-08-20 13:29:00,64,2017-08-20 13:29:00
YB,21/08/2017,456316,4670799,0,"0,4","1,3",77,290,7,2017-08-21 13:41:00,53,2017-08-21 13:41:00
YB,22/08/2017,456316,4670799,0,"0,8","1,7",55,296,"8,2",2017-08-22 13:50:00,9,2017-08-22 13:50:00
YB,23/08/2017,456316,4670799,0,"0,5","1,4",178,214,"6,6",2017-08-23 15:53:00,164,2017-08-23 15:53:00
YB,24/08/2017,456316,4670799,0,"0,8",2,209,237,"8,7",2017-08-24 17:13:00,211,2017-08-24 17:13:00
YB,25/08/2017,456316,4670799,0,"0,9","1,6",166,223,"7,4",2017-08-25 14:49:00,128,2017-08-25 14:49:00
YB,26/08/2017,456316,4670799,0,"0,9","1,5",52,19,"7,7",2017-08-26 14:20:00,60,2017-08-26 14:20:00
YB,27/08/2017,456316,4670799,0,1,"1,5",48,29,"7,7",2017-08-27 13:49:00,68,2017-08-27 13:49:00
YB,28/08/2017,456316,4670799,0,"0,3","1,3",93,271,"7,7",2017-08-28 14:37:00,128,2017-08-28 14:37:00
YB,29/08/2017,456316,4670799,0,"1,3","1,8",226,245,"9,5",2017-08-29 10:53:00,180,2017-08-29 10:53:00
YB,30/08/2017,456316,4670799,0,"1,8","2,4",235,237,"11,7",2017-08-30 13:11:00,204,2017-08-30 13:11:00
YB,31/08/2017,456316,4670799,"41,5","0,2",1,20,331,"5,4",2017-08-31 12:41:00,124,2017-08-31 12:41:00
YB,01/09/2017,456316,4670799,"0,1","0,6","1,4",35,329,"6,5",2017-09-01 12:42:00,34,2017-09-01 12:42:00
YB,02/09/2017,456316,4670799,"0,1","0,5","1,3",156,210,"6,4",2017-09-02 15:44:00,139,2017-09-02 15:44:00
YB,03/09/2017,456316,4670799,0,"0,6","1,2",27,312,6,2017-09-03 15:25:00,36,2017-09-03 15:25:00
YB,04/09/2017,456316,4670799,0,"0,1","1,1",153,245,"6,2",2017-09-04 12:55:00,57,2017-09-04 12:55:00
YB,05/09/2017,456316,4670799,0,"0,1","1,1",143,256,"6,7",2017-09-05 14:35:00,74,2017-09-05 14:35:00
YB,06/09/2017,456316,4670799,"5,6","0,3","1,1",17,283,"6,6",2017-09-06 12:34:00,55,2017-09-06 12:34:00
YB,07/09/2017,456316,4670799,0,"0,3","1,3",132,327,"6,2",2017-09-07 16:03:00,116,2017-09-07 16:03:00
YB,08/09/2017,456316,4670799,0,"0,4","1,2",150,200,"7,9",2017-09-08 10:56:00,185,2017-09-08 10:56:00
YB,09/09/2017,456316,4670799,"21,5","0,4",1,29,333,"9,1",2017-09-09 15:30:00,15,2017-09-09 15:30:00
YB,10/09/2017,456316,4670799,0,"0,3","1,2",252,250,"9,5",2017-09-10 15:33:00,20,2017-09-10 15:33:00
YB,11/09/2017,456316,4670799,0,"0,5","1,2",108,162,"6,9",2017-09-11 15:06:00,113,2017-09-11 15:06:00
YB,12/09/2017,456316,4670799,0,"0,7","1,4",77,77,"6,4",2017-09-12 14:05:00,67,2017-09-12 14:05:00
YB,13/09/2017,456316,4670799,0,"0,3","1,3",181,235,"6,9",2017-09-13 13:36:00,177,2017-09-13 13:36:00
YB,14/09/2017,456316,4670799,"5,4","0,5",1,95,226,"5,7",2017-09-14 14:00:00,80,2017-09-14 14:00:00
YB,15/09/2017,456316,4670799,"32,2","0,1","0,7",310,280,"3,2",2017-09-15 03:43:00,57,2017-09-15 03:43:00
YB,16/09/2017,456316,4670799,"1,9","0,3","1,2",48,336,"8,9",2017-09-16 19:23:00,291,2017-09-16 19:23:00
YB,17/09/2017,456316,4670799,0,"0,4","1,5",213,240,"8,1",2017-09-17 12:27:00,208,2017-09-17 12:27:00
YB,18/09/2017,456316,4670799,"6,4","0,2","0,8",235,247,"4,3",2017-09-18 12:46:00,74,2017-09-18 12:46:00
YB,19/09/2017,456316,4670799,"0,1","0,1","1,1",265,289,"5,6",2017-09-19 11:46:00,108,2017-09-19 11:46:00
YB,20/09/2017,456316,4670799,0,"0,2",1,42,280,"5,1",2017-09-20 15:42:00,44,2017-09-20 15:42:00
YB,21/09/2017,456316,4670799,0,"0,8","1,2",39,339,"7,2",2017-09-21 14:43:00,18,2017-09-21 14:43:00
YB,22/09/2017,456316,4670799,"2,7","0,2","0,9",246,263,"9,4",2017-09-22 14:05:00,223,2017-09-22 14:05:00
YB,23/09/2017,456316,4670799,0,"0,4","1,1",55,312,"6,6",2017-09-23 12:40:00,34,2017-09-23 12:40:00
YB,24/09/2017,456316,4670799,0,"0,3",1,222,243,"5,6",2017-09-24 13:28:00,40,2017-09-24 13:28:00
YB,25/09/2017,456316,4670799,"6,8","0,1","0,9",334,284,18,2017-09-25 13:59:00,22,2017-09-25 13:59:00
YB,26/09/2017,456316,4670799,"0,3","0,2","0,9",39,276,"5,9",2017-09-26 10:53:00,52,2017-09-26 10:53:00
YB,27/09/2017,456316,4670799,0,"0,3","0,9",185,219,"6,2",2017-09-27 11:51:00,183,2017-09-27 11:51:00
YB,28/09/2017,456316,4670799,0,"0,7","1,1",34,332,"6,3",2017-09-28 13:25:00,23,2017-09-28 13:25:00
YB,29/09/2017,456316,4670799,0,"0,2",1,11,276,"5,6",2017-09-29 12:33:00,24,2017-09-29 12:33:00
YB,30/09/2017,456316,4670799,"8,9","0,1","0,9",12,290,"5,3",2017-09-30 11:03:00,45,2017-09-30 11:03:00
YB,01/10/2017,456316,4670799,0,"0,5",1,48,0,"6,2",2017-10-01 13:47:00,56,2017-10-01 13:47:00
YB,02/10/2017,456316,4670799,"0,4","0,2","0,8",36,303,"4,5",2017-10-02 15:21:00,56,2017-10-02 15:21:00
YB,03/10/2017,456316,4670799,0,"0,2","0,9",202,238,"6,2",2017-10-03 14:16:00,44,2017-10-03 14:16:00
YB,04/10/2017,456316,4670799,0,"0,8","1,2",58,37,"6,3",2017-10-04 12:37:00,58,2017-10-04 12:37:00
YB,05/10/2017,456316,4670799,0,"0,1","0,8",65,260,"4,6",2017-10-05 14:18:00,44,2017-10-05 14:18:00
YB,06/10/2017,456316,4670799,0,"0,4",1,63,346,"4,4",2017-10-06 15:13:00,61,2017-10-06 15:13:00
YB,07/10/2017,456316,4670799,0,"0,3","1,1",31,305,"4,6",2017-10-07 12:54:00,47,2017-10-07 12:54:00
YB,08/10/2017,456316,4670799,0,"0,2","0,9",21,273,"5,5",2017-10-08 13:24:00,33,2017-10-08 13:24:00
YB,09/10/2017,456316,4670799,0,"0,7","1,2",36,14,"6,5",2017-10-09 12:14:00,30,2017-10-09 12:14:00
YB,10/10/2017,456316,4670799,0,"0,2","0,9",53,267,"5,7",2017-10-10 16:09:00,63,2017-10-10 16:09:00
YB,11/10/2017,456316,4670799,0,0,"0,7",38,262,"4,3",2017-10-11 15:35:00,115,2017-10-11 15:35:00
YB,12/10/2017,456316,4670799,0,"0,6",1,41,315,"5,7",2017-10-12 15:05:00,63,2017-10-12 15:05:00
YB,13/10/2017,456316,4670799,0,"0,5","0,9",39,307,"5,2",2017-10-13 14:03:00,22,2017-10-13 14:03:00
YB,14/10/2017,456316,4670799,"0,3","0,3","0,9",21,291,5,2017-10-14 13:42:00,50,2017-10-14 13:42:00
YB,15/10/2017,456316,4670799,0,"0,7","1,1",203,243,"7,1",2017-10-15 12:39:00,176,2017-10-15 12:39:00
YB,16/10/2017,456316,4670799,0,"0,3","0,9",17,278,"4,5",2017-10-16 15:31:00,58,2017-10-16 15:31:00
YB,17/10/2017,456316,4670799,0,"1,2","1,7",213,236,"7,2",2017-10-17 13:33:00,167,2017-10-17 13:33:00
YB,18/10/2017,456316,4670799,8,"0,8","1,5",208,231,"8,1",2017-10-18 10:18:00,165,2017-10-18 10:18:00
YB,19/10/2017,456316,4670799,"29,6","0,2","0,8",26,18,"5,1",2017-10-19 16:41:00,6,2017-10-19 16:41:00
YB,20/10/2017,456316,4670799,"0,1","0,3","0,7",216,232,"3,6",2017-10-20 13:34:00,175,2017-10-20 13:34:00
YB,21/10/2017,456316,4670799,0,"0,5","1,1",80,79,"4,8",2017-10-21 17:08:00,132,2017-10-21 17:08:00
YB,22/10/2017,456316,4670799,0,"0,3","1,1",80,89,5,2017-10-22 04:48:00,52,2017-10-22 04:48:00
YB,23/10/2017,456316,4670799,0,"0,2","1,2",39,276,5,2017-10-23 14:02:00,63,2017-10-23 14:02:00
YB,24/10/2017,456316,4670799,0,"0,1","0,8",244,236,"3,8",2017-10-24 14:23:00,52,2017-10-24 14:23:00
YB,25/10/2017,456316,4670799,0,"0,4","0,9",33,284,"5,2",2017-10-25 16:31:00,35,2017-10-25 16:31:00
YB,26/10/2017,456316,4670799,"0,1","0,4","0,8",44,294,"5,5",2017-10-26 15:30:00,38,2017-10-26 15:30:00
YB,27/10/2017,456316,4670799,0,"0,2",1,182,233,"5,6",2017-10-27 12:01:00,46,2017-10-27 12:01:00
YB,28/10/2017,456316,4670799,0,0,1,169,241,"6,2",2017-10-28 02:50:00,173,2017-10-28 02:50:00
YB,29/10/2017,456316,4670799,"0,1","0,4","0,8",224,257,"5,8",2017-10-29 13:05:00,184,2017-10-29 13:05:00
YB,30/10/2017,456316,4670799,0,"0,2","0,8",148,222,"4,7",2017-10-30 14:20:00,152,2017-10-30 14:20:00
YB,31/10/2017,456316,4670799,0,"0,3","0,9",36,288,"4,7",2017-10-31 12:33:00,57,2017-10-31 12:33:00
YB,01/11/2017,456316,4670799,0,"0,7",1,197,227,"5,9",2017-11-01 12:46:00,193,2017-11-01 12:46:00
YB,02/11/2017,456316,4670799,0,"0,6","1,1",223,235,"7,6",2017-11-02 12:41:00,257,2017-11-02 12:41:00
YB,03/11/2017,456316,4670799,0,"0,8","1,2",192,228,"7,8",2017-11-03 13:59:00,170,2017-11-03 13:59:00
YB,04/11/2017,456316,4670799,"3,9","0,2",1,308,271,"7,9",2017-11-04 17:06:00,274,2017-11-04 17:06:00
YB,05/11/2017,456316,4670799,"0,1","0,3","1,4",124,221,"6,8",2017-11-05 21:04:00,346,2017-11-05 21:04:00
YB,06/11/2017,456316,4670799,0,"1,4","2,6",292,281,"19,1",2017-11-06 14:17:00,31,2017-11-06 14:17:00
YB,07/11/2017,456316,4670799,0,"0,1",1,270,251,"5,6",2017-11-07 15:00:00,57,2017-11-07 15:00:00
YB,08/11/2017,456316,4670799,0,"0,1","0,8",223,255,"3,4",2017-11-08 11:31:00,136,2017-11-08 11:31:00
YB,09/11/2017,456316,4670799,0,"0,3","0,8",270,267,4,2017-11-09 16:02:00,58,2017-11-09 16:02:00
YB,10/11/2017,456316,4670799,0,"0,5","0,9",238,243,"4,2",2017-11-10 23:25:00,169,2017-11-10 23:25:00
YB,11/11/2017,456316,4670799,0,"0,2","0,8",244,237,"3,4",2017-11-11 08:03:00,72,2017-11-11 08:03:00
YB,12/11/2017,456316,4670799,0,"0,3","0,9",228,236,"4,6",2017-11-12 15:53:00,216,2017-11-12 15:53:00
YB,13/11/2017,456316,4670799,0,"1,6","3,6",332,314,"23,1",2017-11-13 08:13:00,337,2017-11-13 08:13:00
YB,14/11/2017,456316,4670799,0,"0,6","1,9",292,272,12,2017-11-14 04:56:00,34,2017-11-14 04:56:00
YB,15/11/2017,456316,4670799,0,"0,5","0,8",244,247,"3,8",2017-11-15 15:08:00,174,2017-11-15 15:08:00
YB,16/11/2017,456316,4670799,0,"0,1","0,8",4,264,"4,7",2017-11-16 15:30:00,58,2017-11-16 15:30:00
YB,17/11/2017,456316,4670799,0,"0,3","0,7",253,256,"3,9",2017-11-17 16:51:00,260,2017-11-17 16:51:00
YB,18/11/2017,456316,4670799,0,0,"0,9",254,242,4,2017-11-18 13:26:00,40,2017-11-18 13:26:00
YB,19/11/2017,456316,4670799,0,"0,1","0,8",290,260,"4,9",2017-11-19 13:25:00,57,2017-11-19 13:25:00
YB,20/11/2017,456316,4670799,0,"0,4","0,7",244,246,"3,8",2017-11-20 14:44:00,210,2017-11-20 14:44:00
YB,21/11/2017,456316,4670799,0,"0,2","0,5",229,233,"3,4",2017-11-21 12:57:00,47,2017-11-21 12:57:00
YB,22/11/2017,456316,4670799,0,"0,6","1,2",184,233,"7,4",2017-11-22 15:01:00,174,2017-11-22 15:01:00
YB,23/11/2017,456316,4670799,0,"0,6","1,4",50,284,"7,3",2017-11-23 15:10:00,45,2017-11-23 15:10:00
YB,24/11/2017,456316,4670799,0,"0,7","1,3",51,349,"8,8",2017-11-24 13:32:00,50,2017-11-24 13:32:00
YB,25/11/2017,456316,4670799,0,"0,2","1,5",218,197,"5,8",2017-11-25 05:28:00,225,2017-11-25 05:28:00
YB,26/11/2017,456316,4670799,0,"0,1",1,161,256,"5,5",2017-11-26 14:35:00,151,2017-11-26 14:35:00
YB,27/11/2017,456316,4670799,0,"0,3","1,2",30,273,"4,8",2017-11-27 13:01:00,52,2017-11-27 13:01:00
YB,28/11/2017,456316,4670799,0,"0,3","0,9",38,275,"5,3",2017-11-28 14:24:00,65,2017-11-28 14:24:00
YB,29/11/2017,456316,4670799,"0,1","0,3","0,8",258,263,"4,6",2017-11-29 14:19:00,53,2017-11-29 14:19:00
YB,30/11/2017,456316,4670799,0,"0,5","1,1",238,246,"5,7",2017-11-30 13:28:00,46,2017-11-30 13:28:00
YB,01/12/2017,456316,4670799,0,0,"1,3",114,235,"10,5",2017-12-01 14:27:00,91,2017-12-01 14:27:00
YB,02/12/2017,456316,4670799,0,"1,1","2,3",335,329,"13,2",2017-12-02 11:21:00,310,2017-12-02 11:21:00
YB,03/12/2017,456316,4670799,0,"0,5","1,2",244,244,"4,2",2017-12-03 13:31:00,9,2017-12-03 13:31:00
YB,04/12/2017,456316,4670799,0,"0,1",1,260,254,"4,4",2017-12-04 13:02:00,48,2017-12-04 13:02:00
YB,05/12/2017,456316,4670799,0,"0,2","0,7",259,258,"3,2",2017-12-05 16:08:00,253,2017-12-05 16:08:00
YB,06/12/2017,456316,4670799,0,"0,1","0,6",19,260,4,2017-12-06 14:09:00,54,2017-12-06 14:09:00
YB,07/12/2017,456316,4670799,0,"0,1","0,8",156,245,"5,3",2017-12-07 13:41:00,166,2017-12-07 13:41:00
YB,08/12/2017,456316,4670799,0,0,"0,8",295,252,"5,6",2017-12-08 13:27:00,57,2017-12-08 13:27:00
YB,09/12/2017,456316,4670799,0,"0,2","0,9",31,276,"4,8",2017-12-09 14:24:00,47,2017-12-09 14:24:00
YB,10/12/2017,456316,4670799,0,"1,5","2,2",204,217,"12,9",2017-12-10 23:13:00,205,2017-12-10 23:13:00
YB,11/12/2017,456316,4670799,"0,2",2,"2,9",227,233,"14,9",2017-12-11 02:13:00,258,2017-12-11 02:13:00
YB,12/12/2017,456316,4670799,"1,1","0,3",1,306,278,7,2017-12-12 11:59:00,349,2017-12-12 11:59:00
YB,13/12/2017,456316,4670799,0,"0,4","0,8",261,262,"3,6",2017-12-13 13:54:00,82,2017-12-13 13:54:00
YB,14/12/2017,456316,4670799,0,"0,4","0,7",251,253,"3,8",2017-12-14 04:00:00,175,2017-12-14 04:00:00
YB,15/12/2017,456316,4670799,"1,6","0,1",1,9,269,"6,2",2017-12-15 11:54:00,61,2017-12-15 11:54:00
YB,16/12/2017,456316,4670799,0,"0,3","1,4",286,267,"9,5",2017-12-16 21:46:00,6,2017-12-16 21:46:00
YB,17/12/2017,456316,4670799,0,"0,4","1,3",229,239,"5,7",2017-12-17 07:44:00,320,2017-12-17 07:44:00
YB,18/12/2017,456316,4670799,"2,8","0,4","0,9",244,241,"3,9",2017-12-18 16:17:00,264,2017-12-18 16:17:00
YB,19/12/2017,456316,4670799,0,"0,3","0,9",244,248,"3,4",2017-12-19 16:27:00,274,2017-12-19 16:27:00
YB,20/12/2017,456316,4670799,0,"0,6",1,230,242,"4,7",2017-12-20 16:47:00,217,2017-12-20 16:47:00
YB,21/12/2017,456316,4670799,0,"0,4","0,8",244,240,"3,2",2017-12-21 16:32:00,257,2017-12-21 16:32:00
YB,22/12/2017,456316,4670799,0,"0,1",1,46,263,"5,5",2017-12-22 14:36:00,68,2017-12-22 14:36:00
YB,23/12/2017,456316,4670799,0,"0,3",1,42,279,"5,6",2017-12-23 12:48:00,59,2017-12-23 12:48:00
YB,24/12/2017,456316,4670799,0,"0,1","0,5",290,277,"3,5",2017-12-24 14:47:00,67,2017-12-24 14:47:00
YB,25/12/2017,456316,4670799,0,"1,8",2,237,255,"11,8",2017-12-25 21:26:00,233,2017-12-25 21:26:00
YB,26/12/2017,456316,4670799,0,"1,7","2,2",213,215,"11,9",2017-12-26 23:39:00,209,2017-12-26 23:39:00
YB,27/12/2017,456316,4670799,0,"0,6","2,4",252,246,"13,1",2017-12-27 14:29:00,271,2017-12-27 14:29:00
YB,28/12/2017,456316,4670799,0,"0,1",1,310,259,"6,6",2017-12-28 13:41:00,45,2017-12-28 13:41:00
YB,29/12/2017,456316,4670799,"0,7","0,4","0,9",254,257,"7,7",2017-12-29 13:51:00,54,2017-12-29 13:51:00
YB,30/12/2017,456316,4670799,0,"0,4","0,9",236,237,"3,9",2017-12-30 08:05:00,184,2017-12-30 08:05:00
YB,31/12/2017,456316,4670799,0,1,"1,7",168,218,"11,5",2017-12-31 11:15:00,174,2017-12-31 11:15:00
YB,01/01/2018,456316,4670799,0,"0,8","2,1",221,211,"13,5",2018-01-01 17:01:00,268,2018-01-01 17:01:00
YB,02/01/2018,456316,4670799,0,"0,4",1,235,232,"3,7",2018-01-02 01:40:00,181,2018-01-02 01:40:00
YB,03/01/2018,456316,4670799,0,"0,3","1,1",199,217,"6,5",2018-01-03 14:59:00,149,2018-01-03 14:59:00
YB,04/01/2018,456316,4670799,0,"0,1","1,1",65,241,"5,2",2018-01-04 13:25:00,47,2018-01-04 13:25:00
YB,05/01/2018,456316,4670799,0,"0,5","1,2",243,256,"7,2",2018-01-05 14:14:00,208,2018-01-05 14:14:00
YB,06/01/2018,456316,4670799,"2,9","1,1","1,6",63,49,"7,1",2018-01-06 21:04:00,63,2018-01-06 21:04:00
YB,07/01/2018,456316,4670799,29,"0,2","1,4",31,309,"9,1",2018-01-07 14:32:00,183,2018-01-07 14:32:00
YB,08/01/2018,456316,4670799,0,"0,4","0,7",257,259,"3,2",2018-01-08 01:08:00,64,2018-01-08 01:08:00
YB,09/01/2018,456316,4670799,0,"1,8","2,3",216,236,11,2018-01-09 17:29:00,199,2018-01-09 17:29:00
YB,10/01/2018,456316,4670799,0,"0,5","1,1",218,240,"5,7",2018-01-10 00:05:00,184,2018-01-10 00:05:00
YB,11/01/2018,456316,4670799,"1,1","0,2","0,9",293,274,"4,1",2018-01-11 14:23:00,51,2018-01-11 14:23:00
YB,12/01/2018,456316,4670799,0,"0,5",1,240,252,"5,3",2018-01-12 14:30:00,163,2018-01-12 14:30:00
YB,13/01/2018,456316,4670799,"0,2","1,4","1,8",227,240,"10,3",2018-01-13 12:56:00,223,2018-01-13 12:56:00
YB,14/01/2018,456316,4670799,"3,1","0,1","0,7",266,271,5,2018-01-14 02:43:00,356,2018-01-14 02:43:00
YB,15/01/2018,456316,4670799,0,"0,9","1,2",204,237,"8,8",2018-01-15 14:41:00,189,2018-01-15 14:41:00
YB,16/01/2018,456316,4670799,0,"0,5","0,8",241,245,"5,8",2018-01-16 16:01:00,230,2018-01-16 16:01:00
YB,17/01/2018,456316,4670799,0,"0,1","1,1",80,243,"6,2",2018-01-17 14:36:00,53,2018-01-17 14:36:00
YB,18/01/2018,456316,4670799,0,0,"0,8",333,250,"5,5",2018-01-18 16:11:00,45,2018-01-18 16:11:00
YB,19/01/2018,456316,4670799,0,0,"0,9",69,257,"5,3",2018-01-19 12:42:00,56,2018-01-19 12:42:00
YB,20/01/2018,456316,4670799,0,"0,2","0,8",227,236,"3,7",2018-01-20 14:23:00,252,2018-01-20 14:23:00
YB,21/01/2018,456316,4670799,0,"0,5","1,5",309,259,"9,3",2018-01-21 12:04:00,351,2018-01-21 12:04:00
YB,22/01/2018,456316,4670799,0,"0,2","1,1",37,272,"5,4",2018-01-22 12:24:00,55,2018-01-22 12:24:00
YB,23/01/2018,456316,4670799,0,0,"1,2",24,235,"4,1",2018-01-23 15:06:00,47,2018-01-23 15:06:00
YB,24/01/2018,456316,4670799,0,"0,6","1,1",59,302,"6,1",2018-01-24 14:23:00,56,2018-01-24 14:23:00
YB,25/01/2018,456316,4670799,0,"1,2","1,8",211,247,"10,3",2018-01-25 13:45:00,182,2018-01-25 13:45:00
YB,26/01/2018,456316,4670799,"17,5","0,5","1,2",280,270,"8,4",2018-01-26 15:51:00,345,2018-01-26 15:51:00
YB,27/01/2018,456316,4670799,0,"0,2","1,6",62,256,9,2018-01-27 14:29:00,51,2018-01-27 14:29:00
YB,28/01/2018,456316,4670799,0,"0,1","0,7",266,261,"3,7",2018-01-28 14:16:00,70,2018-01-28 14:16:00
YB,29/01/2018,456316,4670799,0,"0,3","0,9",30,284,"5,5",2018-01-29 14:18:00,61,2018-01-29 14:18:00
YB,30/01/2018,456316,4670799,0,"0,6","1,1",47,291,"5,8",2018-01-30 12:30:00,58,2018-01-30 12:30:00
YB,31/01/2018,456316,4670799,0,"0,3","1,1",30,309,"6,3",2018-01-31 15:24:00,48,2018-01-31 15:24:00
YB,01/02/2018,456316,4670799,"13,9","0,3","0,8",277,277,"3,3",2018-02-01 19:12:00,274,2018-02-01 19:12:00
YB,02/02/2018,456316,4670799,0,"0,8","1,4",282,272,"11,5",2018-02-02 11:39:00,342,2018-02-02 11:39:00
YB,03/02/2018,456316,4670799,0,"0,4","1,4",229,238,"6,9",2018-02-03 12:29:00,194,2018-02-03 12:29:00
YB,04/02/2018,456316,4670799,"22,2","0,5","0,8",240,257,4,2018-02-04 12:30:00,185,2018-02-04 12:30:00
YB,05/02/2018,456316,4670799,"38,7",,,,,"5,5",2018-02-05 18:14:00,325,2018-02-05 18:14:00
YB,06/02/2018,456316,4670799,"2,8","0,4","0,8",69,92,"6,2",2018-02-06 15:16:00,50,2018-02-06 15:16:00
YB,07/02/2018,456316,4670799,0,"0,1",1,118,242,"4,7",2018-02-07 12:30:00,42,2018-02-07 12:30:00
YB,08/02/2018,456316,4670799,0,"0,3","0,9",246,251,"3,9",2018-02-08 15:04:00,120,2018-02-08 15:04:00
YB,09/02/2018,456316,4670799,0,"0,1","0,9",0,268,"4,9",2018-02-09 16:00:00,54,2018-02-09 16:00:00
YB,10/02/2018,456316,4670799,0,"0,9",2,317,296,"12,3",2018-02-10 08:57:00,311,2018-02-10 08:57:00
YB,11/02/2018,456316,4670799,0,"0,4","0,7",255,257,"3,1",2018-02-11 19:16:00,265,2018-02-11 19:16:00
YB,12/02/2018,456316,4670799,0,"0,3","1,1",215,247,"6,6",2018-02-12 14:04:00,152,2018-02-12 14:04:00
YB,13/02/2018,456316,4670799,0,"1,1","1,5",238,249,"9,8",2018-02-13 13:10:00,230,2018-02-13 13:10:00
YB,14/02/2018,456316,4670799,0,"0,3",1,224,262,"4,8",2018-02-14 13:01:00,193,2018-02-14 13:01:00
YB,15/02/2018,456316,4670799,0,"0,5",1,218,244,"5,7",2018-02-15 11:51:00,174,2018-02-15 11:51:00
YB,16/02/2018,456316,4670799,"1,1","0,2","0,8",12,294,"6,4",2018-02-16 15:45:00,54,2018-02-16 15:45:00
YB,17/02/2018,456316,4670799,14,"0,2","0,7",42,307,"4,9",2018-02-17 15:25:00,57,2018-02-17 15:25:00
YB,18/02/2018,456316,4670799,0,0,1,46,284,"5,2",2018-02-18 13:32:00,73,2018-02-18 13:32:00
YB,19/02/2018,456316,4670799,"0,5","0,5",1,55,349,"3,8",2018-02-19 13:52:00,50,2018-02-19 13:52:00
YB,20/02/2018,456316,4670799,"0,1","0,6",1,269,265,"4,9",2018-02-20 17:01:00,223,2018-02-20 17:01:00
YB,21/02/2018,456316,4670799,"0,1","0,6","2,1",353,292,"17,9",2018-02-21 09:09:00,316,2018-02-21 09:09:00
YB,22/02/2018,456316,4670799,0,"0,5","1,3",107,176,"5,4",2018-02-22 12:59:00,138,2018-02-22 12:59:00
YB,23/02/2018,456316,4670799,0,"0,2",1,62,289,"6,5",2018-02-23 14:48:00,70,2018-02-23 14:48:00
YB,24/02/2018,456316,4670799,0,"0,6","1,3",60,344,"6,2",2018-02-24 13:31:00,46,2018-02-24 13:31:00
YB,25/02/2018,456316,4670799,0,"1,1","1,7",47,0,"7,2",2018-02-25 16:22:00,66,2018-02-25 16:22:00
YB,26/02/2018,456316,4670799,"19,8",,,,,7,2018-02-26 10:43:00,53,2018-02-26 10:43:00
YB,27/02/2018,456316,4670799,"0,6",,,,,"3,4",2018-02-27 15:38:00,232,2018-02-27 15:38:00
YB,28/02/2018,456316,4670799,"24,1","0,4","0,5",283,283,"3,1",2018-02-28 22:19:00,274,2018-02-28 22:19:00
YB,01/03/2018,456316,4670799,"8,5","0,2","1,1",238,250,"10,6",2018-03-01 23:50:00,232,2018-03-01 23:50:00
YB,02/03/2018,456316,4670799,"0,1","2,1","3,5",200,191,"15,9",2018-03-02 23:49:00,293,2018-03-02 23:49:00
YB,03/03/2018,456316,4670799,0,"0,1","3,5",188,28,"19,6",2018-03-03 02:07:00,271,2018-03-03 02:07:00
YB,04/03/2018,456316,4670799,"12,6","0,7","1,6",246,259,"8,8",2018-03-04 08:59:00,264,2018-03-04 08:59:00
YB,05/03/2018,456316,4670799,"0,3","0,6","1,1",234,249,"7,6",2018-03-05 16:23:00,247,2018-03-05 16:23:00
YB,06/03/2018,456316,4670799,0,"1,1","1,8",227,244,"12,2",2018-03-06 16:18:00,222,2018-03-06 16:18:00
YB,07/03/2018,456316,4670799,"1,2","0,3","1,4",162,232,"7,6",2018-03-07 15:12:00,56,2018-03-07 15:12:00
YB,08/03/2018,456316,4670799,0,"1,5","1,8",229,243,"9,7",2018-03-08 09:41:00,268,2018-03-08 09:41:00
YB,09/03/2018,456316,4670799,0,"2,1","2,7",227,233,"12,5",2018-03-09 15:24:00,231,2018-03-09 15:24:00
YB,10/03/2018,456316,4670799,0,"1,9",3,209,204,"12,7",2018-03-10 12:13:00,243,2018-03-10 12:13:00
YB,11/03/2018,456316,4670799,0,"3,6","4,5",211,201,"16,7",2018-03-11 19:03:00,195,2018-03-11 19:03:00
YB,12/03/2018,456316,4670799,"0,2","0,4","1,5",130,203,"8,7",2018-03-12 14:46:00,85,2018-03-12 14:46:00
YB,13/03/2018,456316,4670799,0,"0,2",1,203,235,"7,2",2018-03-13 16:43:00,43,2018-03-13 16:43:00
YB,14/03/2018,456316,4670799,0,2,"2,4",221,235,"11,1",2018-03-14 12:29:00,215,2018-03-14 12:29:00
YB,15/03/2018,456316,4670799,"2,4","2,2",3,232,235,"17,3",2018-03-15 07:08:00,265,2018-03-15 07:08:00
YB,16/03/2018,456316,4670799,0,"0,3","1,5",283,274,"10,3",2018-03-16 15:23:00,294,2018-03-16 15:23:00
YB,17/03/2018,456316,4670799,0,"0,5","1,5",255,267,"8,9",2018-03-17 14:23:00,284,2018-03-17 14:23:00
YB,18/03/2018,456316,4670799,"0,6","0,5","1,4",220,246,"6,4",2018-03-18 12:19:00,43,2018-03-18 12:19:00
YB,19/03/2018,456316,4670799,"3,4","0,8","1,9",207,222,"8,8",2018-03-19 15:13:00,215,2018-03-19 15:13:00
YB,20/03/2018,456316,4670799,0,"0,8","2,5",16,320,"12,6",2018-03-20 10:42:00,78,2018-03-20 10:42:00
YB,21/03/2018,456316,4670799,0,1,"2,9",358,331,19,2018-03-21 11:24:00,311,2018-03-21 11:24:00
YB,22/03/2018,456316,4670799,0,"0,5","1,4",213,234,"6,4",2018-03-22 14:03:00,157,2018-03-22 14:03:00
YB,23/03/2018,456316,4670799,0,"0,2","1,7",102,240,"6,2",2018-03-23 12:05:00,59,2018-03-23 12:05:00
YB,24/03/2018,456316,4670799,"15,2","0,2",1,42,324,"6,2",2018-03-24 20:26:00,52,2018-03-24 20:26:00
YB,25/03/2018,456316,4670799,"0,6","0,2",1,328,290,4,2018-03-25 10:32:00,121,2018-03-25 10:32:00
YB,26/03/2018,456316,4670799,"0,7","0,1","1,2",149,241,"7,5",2018-03-26 14:40:00,327,2018-03-26 14:40:00
YB,27/03/2018,456316,4670799,0,"0,3","1,2",12,288,"5,3",2018-03-27 17:12:00,33,2018-03-27 17:12:00
YB,28/03/2018,456316,4670799,0,"0,9","1,6",60,29,"8,4",2018-03-28 14:45:00,51,2018-03-28 14:45:00
YB,29/03/2018,456316,4670799,0,"0,4","2,1",158,248,"9,7",2018-03-29 15:25:00,58,2018-03-29 15:25:00
YB,30/03/2018,456316,4670799,0,"2,1","2,7",227,239,"13,3",2018-03-30 14:18:00,230,2018-03-30 14:18:00
YB,31/03/2018,456316,4670799,0,"1,5","2,9",257,250,"14,7",2018-03-31 15:57:00,299,2018-03-31 15:57:00
YB,01/04/2018,456316,4670799,0,"0,5","1,5",53,281,"7,8",2018-04-01 13:45:00,55,2018-04-01 13:45:00
YB,02/04/2018,456316,4670799,0,"1,5","2,4",198,228,12,2018-04-02 10:07:00,208,2018-04-02 10:07:00
YB,03/04/2018,456316,4670799,0,"1,3","2,2",213,233,"9,6",2018-04-03 16:02:00,196,2018-04-03 16:02:00
YB,04/04/2018,456316,4670799,0,2,"2,9",238,251,14,2018-04-04 12:32:00,204,2018-04-04 12:32:00
YB,05/04/2018,456316,4670799,0,1,"1,9",47,5,"8,8",2018-04-05 14:00:00,48,2018-04-05 14:00:00
YB,06/04/2018,456316,4670799,"0,5","1,3","2,2",195,219,10,2018-04-06 10:11:00,230,2018-04-06 10:11:00
YB,07/04/2018,456316,4670799,"0,3","0,8","1,5",44,12,"6,5",2018-04-07 15:42:00,79,2018-04-07 15:42:00
YB,08/04/2018,456316,4670799,"52,6","0,3","0,9",340,305,"8,4",2018-04-08 13:40:00,87,2018-04-08 13:40:00
YB,09/04/2018,456316,4670799,"1,9","2,1","2,6",214,222,"11,6",2018-04-09 21:06:00,224,2018-04-09 21:06:00
YB,10/04/2018,456316,4670799,"11,3","2,2",3,225,234,"13,4",2018-04-10 09:04:00,234,2018-04-10 09:04:00
YB,11/04/2018,456316,4670799,"56,5","0,8","2,1",69,33,"12,1",2018-04-11 06:10:00,127,2018-04-11 06:10:00
YB,12/04/2018,456316,4670799,"3,4","0,4","1,2",236,251,6,2018-04-12 14:10:00,51,2018-04-12 14:10:00
YB,13/04/2018,456316,4670799,"6,5","0,2","0,7",14,337,"3,7",2018-04-13 11:04:00,55,2018-04-13 11:04:00
YB,14/04/2018,456316,4670799,"15,6","0,1","0,7",355,292,"3,6",2018-04-14 05:23:00,345,2018-04-14 05:23:00
YB,15/04/2018,456316,4670799,0,0,"1,1",96,280,"6,8",2018-04-15 14:43:00,58,2018-04-15 14:43:00
YB,16/04/2018,456316,4670799,0,"0,2","1,3",49,278,"6,3",2018-04-16 12:31:00,43,2018-04-16 12:31:00
YB,17/04/2018,456316,4670799,0,"0,3",1,98,289,"7,2",2018-04-17 14:21:00,51,2018-04-17 14:21:00
YB,18/04/2018,456316,4670799,0,"0,7","1,6",86,3,"8,7",2018-04-18 15:22:00,87,2018-04-18 15:22:00
YB,19/04/2018,456316,4670799,0,"0,8","1,6",95,266,"8,3",2018-04-19 12:39:00,139,2018-04-19 12:39:00
YB,20/04/2018,456316,4670799,0,"0,4","1,3",80,302,"7,6",2018-04-20 16:02:00,151,2018-04-20 16:02:00
YB,21/04/2018,456316,4670799,0,"0,3","1,3",170,271,"6,8",2018-04-21 14:24:00,180,2018-04-21 14:24:00
YB,22/04/2018,456316,4670799,0,"0,6","1,5",37,312,"7,1",2018-04-22 16:06:00,56,2018-04-22 16:06:00
YB,23/04/2018,456316,4670799,0,"0,6","1,2",27,318,6,2018-04-23 12:05:00,46,2018-04-23 12:05:00
YB,24/04/2018,456316,4670799,0,"0,4","1,3",49,316,"7,5",2018-04-24 14:54:00,49,2018-04-24 14:54:00
YB,25/04/2018,456316,4670799,0,"0,2","1,4",80,268,"6,6",2018-04-25 12:40:00,83,2018-04-25 12:40:00
YB,26/04/2018,456316,4670799,0,"0,5","1,4",67,321,"6,9",2018-04-26 11:07:00,34,2018-04-26 11:07:00
YB,27/04/2018,456316,4670799,0,"0,9","1,7",67,14,"7,7",2018-04-27 12:19:00,76,2018-04-27 12:19:00
YB,28/04/2018,456316,4670799,0,"1,3","1,8",213,235,9,2018-04-28 21:10:00,207,2018-04-28 21:10:00
YB,29/04/2018,456316,4670799,"11,9","1,1",2,217,241,14,2018-04-29 12:55:00,269,2018-04-29 12:55:00
YB,30/04/2018,456316,4670799,0,"1,8","2,6",215,232,"10,6",2018-04-30 13:10:00,181,2018-04-30 13:10:00
YB,01/05/2018,456316,4670799,"0,4","0,4","1,1",284,284,"10,8",2018-05-01 12:04:00,357,2018-05-01 12:04:00
YB,02/05/2018,456316,4670799,0,"0,3","1,2",197,248,6,2018-05-02 15:42:00,117,2018-05-02 15:42:00
YB,03/05/2018,456316,4670799,0,"0,2","1,3",25,303,"8,9",2018-05-03 12:29:00,82,2018-05-03 12:29:00
YB,04/05/2018,456316,4670799,0,0,"1,1",12,285,"5,1",2018-05-04 16:50:00,51,2018-05-04 16:50:00
YB,05/05/2018,456316,4670799,0,"0,4","0,9",232,257,"5,7",2018-05-05 15:11:00,161,2018-05-05 15:11:00
YB,06/05/2018,456316,4670799,"4,9","0,1","0,9",264,259,"5,4",2018-05-06 15:09:00,69,2018-05-06 15:09:00
YB,07/05/2018,456316,4670799,"8,8","0,4","1,3",217,244,"10,2",2018-05-07 14:58:00,282,2018-05-07 14:58:00
YB,08/05/2018,456316,4670799,"3,9","0,2","0,9",208,227,"10,6",2018-05-08 12:04:00,62,2018-05-08 12:04:00
YB,09/05/2018,456316,4670799,"7,6","0,2",1,264,273,"5,9",2018-05-09 11:41:00,201,2018-05-09 11:41:00
YB,10/05/2018,456316,4670799,"12,4","0,1",1,244,262,"5,9",2018-05-10 09:45:00,45,2018-05-10 09:45:00
YB,11/05/2018,456316,4670799,"0,3","0,2","1,3",125,8,"6,5",2018-05-11 12:01:00,213,2018-05-11 12:01:00
YB,12/05/2018,456316,4670799,"28,9",1,"2,1",183,206,9,2018-05-12 12:31:00,155,2018-05-12 12:31:00
YB,13/05/2018,456316,4670799,"10,6","0,5","1,6",88,121,"6,7",2018-05-13 14:45:00,50,2018-05-13 14:45:00
YB,14/05/2018,456316,4670799,"1,1","0,5","1,3",50,335,"6,5",2018-05-14 15:48:00,51,2018-05-14 15:48:00
YB,15/05/2018,456316,4670799,0,"0,4",1,26,346,"4,7",2018-05-15 17:11:00,29,2018-05-15 17:11:00
YB,16/05/2018,456316,4670799,0,"0,2","0,9",59,288,"4,8",2018-05-16 14:33:00,64,2018-05-16 14:33:00
YB,17/05/2018,456316,4670799,0,"0,1","1,3",228,259,"6,4",2018-05-17 14:46:00,149,2018-05-17 14:46:00
YB,18/05/2018,456316,4670799,"0,4","0,2","0,9",294,289,"5,1",2018-05-18 11:59:00,56,2018-05-18 11:59:00
YB,19/05/2018,456316,4670799,"11,8","0,2","1,1",283,281,"9,9",2018-05-19 12:11:00,310,2018-05-19 12:11:00
YB,20/05/2018,456316,4670799,5,"0,4","0,9",279,260,"6,7",2018-05-20 11:52:00,331,2018-05-20 11:52:00
YB,21/05/2018,456316,4670799,0,"0,4","1,1",128,196,"6,1",2018-05-21 14:51:00,151,2018-05-21 14:51:00
YB,22/05/2018,456316,4670799,"15,4","0,1","0,8",260,296,7,2018-05-22 11:15:00,148,2018-05-22 11:15:00
YB,23/05/2018,456316,4670799,"7,3","0,3","1,2",29,296,"9,5",2018-05-23 13:30:00,69,2018-05-23 13:30:00
YB,24/05/2018,456316,4670799,0,"0,6","1,7",183,256,"9,5",2018-05-24 10:26:00,185,2018-05-24 10:26:00
YB,25/05/2018,456316,4670799,"0,1","0,3","1,2",218,259,5,2018-05-25 14:49:00,160,2018-05-25 14:49:00
YB,26/05/2018,456316,4670799,"1,9","0,7","1,6",60,35,"6,9",2018-05-26 11:07:00,49,2018-05-26 11:07:00
YB,27/05/2018,456316,4670799,0,"0,6","1,5",80,340,"8,4",2018-05-27 12:53:00,101,2018-05-27 12:53:00
YB,28/05/2018,456316,4670799,"4,5","0,1","1,1",323,291,"7,3",2018-05-28 12:46:00,157,2018-05-28 12:46:00
YB,29/05/2018,456316,4670799,0,"0,8","1,4",238,264,"7,8",2018-05-29 15:03:00,230,2018-05-29 15:03:00
YB,30/05/2018,456316,4670799,"12,1","0,2",1,313,293,"8,8",2018-05-30 11:36:00,243,2018-05-30 11:36:00
YB,31/05/2018,456316,4670799,"1,7","0,8","1,3",34,351,"5,5",2018-05-31 11:01:00,47,2018-05-31 11:01:00
YB,01/06/2018,456316,4670799,22,"0,3","1,1",336,287,"17,9",2018-06-01 13:27:00,4,2018-06-01 13:27:00
YB,02/06/2018,456316,4670799,0,"0,2",1,183,259,"4,6",2018-06-02 14:57:00,152,2018-06-02 14:57:00
YB,03/06/2018,456316,4670799,"12,1","0,4",1,22,338,"4,7",2018-06-03 11:18:00,19,2018-06-03 11:18:00
YB,04/06/2018,456316,4670799,9,"0,4","1,1",336,302,"7,8",2018-06-04 12:25:00,13,2018-06-04 12:25:00
YB,05/06/2018,456316,4670799,"24,4","0,1","0,9",321,271,"6,8",2018-06-05 11:23:00,208,2018-06-05 11:23:00
YB,06/06/2018,456316,4670799,"4,7","0,4","0,9",8,302,7,2018-06-06 11:18:00,61,2018-06-06 11:18:00
YB,07/06/2018,456316,4670799,"2,6","0,1",1,257,268,7,2018-06-07 12:01:00,149,2018-06-07 12:01:00
YB,08/06/2018,456316,4670799,0,"0,6","1,2",216,232,"5,8",2018-06-08 17:26:00,215,2018-06-08 17:26:00
YB,09/06/2018,456316,4670799,0,"1,5",2,216,234,9,2018-06-09 10:54:00,180,2018-06-09 10:54:00
YB,10/06/2018,456316,4670799,"0,1","0,2","1,4",217,265,"7,2",2018-06-10 14:44:00,148,2018-06-10 14:44:00
YB,11/06/2018,456316,4670799,"0,2","0,7","1,6",70,42,"9,2",2018-06-11 15:02:00,54,2018-06-11 15:02:00
YB,12/06/2018,456316,4670799,0,"0,9","1,9",211,248,"10,5",2018-06-12 10:28:00,162,2018-06-12 10:28:00
YB,13/06/2018,456316,4670799,0,"0,6","1,5",314,302,"11,9",2018-06-13 13:48:00,313,2018-06-13 13:48:00
YB,14/06/2018,456316,4670799,0,"0,5","1,4",156,212,"6,3",2018-06-14 17:38:00,176,2018-06-14 17:38:00
YB,15/06/2018,456316,4670799,0,"0,6","1,4",53,343,"6,2",2018-06-15 12:21:00,23,2018-06-15 12:21:00
YB,16/06/2018,456316,4670799,0,"0,4","1,1",126,216,"6,6",2018-06-16 15:16:00,91,2018-06-16 15:16:00
YB,17/06/2018,456316,4670799,0,"0,7","1,3",67,22,"5,8",2018-06-17 16:08:00,71,2018-06-17 16:08:00
YB,18/06/2018,456316,4670799,0,"0,3","1,4",143,231,"6,1",2018-06-18 17:29:00,152,2018-06-18 17:29:00
YB,19/06/2018,456316,4670799,0,"0,2","1,3",124,259,"6,3",2018-06-19 14:15:00,41,2018-06-19 14:15:00
YB,20/06/2018,456316,4670799,0,"0,2","1,4",156,252,"6,9",2018-06-20 15:59:00,163,2018-06-20 15:59:00
YB,21/06/2018,456316,4670799,"0,1","0,2","1,1",308,297,"6,1",2018-06-21 13:10:00,46,2018-06-21 13:10:00
YB,22/06/2018,456316,4670799,0,"0,4","1,3",70,300,"8,9",2018-06-22 12:25:00,30,2018-06-22 12:25:00
YB,23/06/2018,456316,4670799,0,"0,5","1,5",92,22,"7,4",2018-06-23 09:20:00,21,2018-06-23 09:20:00
YB,24/06/2018,456316,4670799,0,"0,3","1,2",35,324,"6,7",2018-06-24 14:35:00,94,2018-06-24 14:35:00
YB,25/06/2018,456316,4670799,0,"0,5","1,4",49,346,"7,1",2018-06-25 12:02:00,32,2018-06-25 12:02:00
YB,26/06/2018,456316,4670799,0,"1,1","1,8",34,335,"7,8",2018-06-26 12:48:00,21,2018-06-26 12:48:00
YB,27/06/2018,456316,4670799,0,"0,1","1,3",31,284,"6,9",2018-06-27 15:37:00,66,2018-06-27 15:37:00
YB,28/06/2018,456316,4670799,"8,2",0,"1,4",314,281,"6,2",2018-06-28 15:00:00,346,2018-06-28 15:00:00
YB,29/06/2018,456316,4670799,0,"0,5","1,4",56,304,"7,7",2018-06-29 13:35:00,56,2018-06-29 13:35:00
YB,30/06/2018,456316,4670799,0,"0,5","1,5",152,231,"6,2",2018-06-30 13:53:00,140,2018-06-30 13:53:00
YB,01/07/2018,456316,4670799,0,"0,8","1,7",31,351,"7,3",2018-07-01 15:54:00,50,2018-07-01 15:54:00
YB,02/07/2018,456316,4670799,0,"0,6","1,4",65,21,"6,8",2018-07-02 14:39:00,77,2018-07-02 14:39:00
YB,03/07/2018,456316,4670799,0,"0,8","1,8",187,236,"9,3",2018-07-03 16:43:00,203,2018-07-03 16:43:00
YB,04/07/2018,456316,4670799,0,"0,7",2,185,235,"9,6",2018-07-04 17:01:00,170,2018-07-04 17:01:00
YB,05/07/2018,456316,4670799,"3,8","0,7","1,8",82,76,"7,8",2018-07-05 12:13:00,42,2018-07-05 12:13:00
YB,06/07/2018,456316,4670799,0,"0,8","1,4",46,4,"6,4",2018-07-06 12:33:00,36,2018-07-06 12:33:00
YB,07/07/2018,456316,4670799,"17,1","0,3","1,2",296,280,"7,8",2018-07-07 15:37:00,195,2018-07-07 15:37:00
YB,08/07/2018,456316,4670799,"0,7","0,3",1,272,262,"9,9",2018-07-08 15:04:00,33,2018-07-08 15:04:00
YB,09/07/2018,456316,4670799,"0,2","0,5","1,3",315,285,"8,3",2018-07-09 16:54:00,316,2018-07-09 16:54:00
YB,10/07/2018,456316,4670799,"5,7","0,2","1,2",159,245,"9,3",2018-07-10 17:12:00,171,2018-07-10 17:12:00
YB,11/07/2018,456316,4670799,"8,5","0,7","1,6",18,336,"8,6",2018-07-11 20:28:00,292,2018-07-11 20:28:00
YB,12/07/2018,456316,4670799,0,"0,2","1,4",3,300,"8,1",2018-07-12 14:18:00,57,2018-07-12 14:18:00
YB,13/07/2018,456316,4670799,0,"0,1","1,2",99,283,"8,3",2018-07-13 14:08:00,38,2018-07-13 14:08:00
YB,14/07/2018,456316,4670799,0,"0,5","1,3",190,232,6,2018-07-14 16:02:00,152,2018-07-14 16:02:00
YB,15/07/2018,456316,4670799,0,"0,4","1,2",184,224,"5,7",2018-07-15 14:23:00,148,2018-07-15 14:23:00
YB,16/07/2018,456316,4670799,"17,5","0,4","1,1",260,272,"8,3",2018-07-16 10:42:00,107,2018-07-16 10:42:00
YB,17/07/2018,456316,4670799,0,"0,3","1,3",94,248,"6,9",2018-07-17 17:12:00,60,2018-07-17 17:12:00
YB,18/07/2018,456316,4670799,0,"0,5","1,4",184,240,"7,2",2018-07-18 18:50:00,164,2018-07-18 18:50:00
YB,19/07/2018,456316,4670799,0,"0,3","1,3",204,244,"5,7",2018-07-19 14:16:00,140,2018-07-19 14:16:00
YB,20/07/2018,456316,4670799,0,"0,8","1,5",156,188,"7,3",2018-07-20 12:15:00,125,2018-07-20 12:15:00
YB,21/07/2018,456316,4670799,0,"0,8","2,1",159,209,"9,9",2018-07-21 13:36:00,56,2018-07-21 13:36:00
YB,22/07/2018,456316,4670799,4,"0,5","1,1",304,296,6,2018-07-22 13:55:00,16,2018-07-22 13:55:00
YB,23/07/2018,456316,4670799,0,"0,1",1,314,274,"5,7",2018-07-23 16:52:00,54,2018-07-23 16:52:00
YB,24/07/2018,456316,4670799,"4,4","0,3","1,3",313,286,"15,4",2018-07-24 12:22:00,20,2018-07-24 12:22:00
YB,25/07/2018,456316,4670799,0,"0,3",1,299,292,"7,9",2018-07-25 14:18:00,353,2018-07-25 14:18:00
YB,26/07/2018,456316,4670799,0,"0,7","1,4",10,314,"8,7",2018-07-26 15:31:00,46,2018-07-26 15:31:00
YB,27/07/2018,456316,4670799,0,"1,1","1,6",231,251,"8,2",2018-07-27 14:43:00,253,2018-07-27 14:43:00
YB,28/07/2018,456316,4670799,0,"0,7","1,5",81,18,"6,7",2018-07-28 15:33:00,83,2018-07-28 15:33:00
YB,29/07/2018,456316,4670799,"0,6","0,8","1,5",48,352,"8,4",2018-07-29 15:53:00,50,2018-07-29 15:53:00
YB,30/07/2018,456316,4670799,0,"0,1","1,1",237,261,"6,5",2018-07-30 14:19:00,55,2018-07-30 14:19:00
YB,31/07/2018,456316,4670799,0,"0,2","1,4",325,289,"6,7",2018-07-31 14:07:00,75,2018-07-31 14:07:00
YB,01/08/2018,456316,4670799,0,"0,5","1,1",282,277,"9,4",2018-08-01 13:54:00,341,2018-08-01 13:54:00
YB,02/08/2018,456316,4670799,0,"0,1","1,2",286,276,"10,8",2018-08-02 15:26:00,52,2018-08-02 15:26:00
YB,03/08/2018,456316,4670799,0,"0,4","1,2",202,246,"6,9",2018-08-03 13:08:00,91,2018-08-03 13:08:00
YB,04/08/2018,456316,4670799,0,"0,1","1,4",181,242,"7,4",2018-08-04 11:57:00,74,2018-08-04 11:57:00
YB,05/08/2018,456316,4670799,0,"0,6","1,3",250,250,"8,1",2018-08-05 13:14:00,37,2018-08-05 13:14:00
YB,06/08/2018,456316,4670799,0,"0,4","1,3",32,295,"8,2",2018-08-06 13:06:00,31,2018-08-06 13:06:00
YB,07/08/2018,456316,4670799,"0,2","1,1","1,9",209,230,"8,6",2018-08-07 18:21:00,329,2018-08-07 18:21:00
YB,08/08/2018,456316,4670799,"0,2","0,8","1,5",200,222,8,2018-08-08 15:27:00,182,2018-08-08 15:27:00
YB,09/08/2018,456316,4670799,"21,4","0,5","1,4",207,226,"9,7",2018-08-09 13:17:00,265,2018-08-09 13:17:00
YB,10/08/2018,456316,4670799,"7,9","0,6","1,3",29,332,"5,4",2018-08-10 16:39:00,53,2018-08-10 16:39:00
YB,11/08/2018,456316,4670799,0,"0,3","1,2",20,302,"6,2",2018-08-11 13:00:00,35,2018-08-11 13:00:00
YB,12/08/2018,456316,4670799,"2,1","0,6","1,5",218,243,"14,1",2018-08-12 19:31:00,277,2018-08-12 19:31:00
YB,13/08/2018,456316,4670799,"4,4","0,4","1,3",38,297,"10,2",2018-08-13 15:09:00,31,2018-08-13 15:09:00
YB,14/08/2018,456316,4670799,"1,1","0,6","1,6",76,62,"7,4",2018-08-14 12:34:00,181,2018-08-14 12:34:00
YB,15/08/2018,456316,4670799,0,"0,2","1,1",147,193,5,2018-08-15 15:12:00,88,2018-08-15 15:12:00
YB,16/08/2018,456316,4670799,0,"0,3","1,4",29,306,"6,8",2018-08-16 14:23:00,78,2018-08-16 14:23:00
YB,17/08/2018,456316,4670799,"18,6","0,4","0,9",272,273,"8,4",2018-08-17 11:35:00,42,2018-08-17 11:35:00
YB,18/08/2018,456316,4670799,0,"0,1","1,1",197,249,"4,9",2018-08-18 10:39:00,125,2018-08-18 10:39:00
YB,19/08/2018,456316,4670799,0,"0,3","1,1",221,240,"4,7",2018-08-19 16:58:00,129,2018-08-19 16:58:00
YB,20/08/2018,456316,4670799,0,"0,5","1,1",212,239,5,2018-08-20 17:02:00,162,2018-08-20 17:02:00
YB,21/08/2018,456316,4670799,0,"0,5","1,2",250,256,"5,2",2018-08-21 16:08:00,145,2018-08-21 16:08:00
YB,22/08/2018,456316,4670799,0,"0,3","1,2",25,321,"6,8",2018-08-22 15:11:00,47,2018-08-22 15:11:00
YB,23/08/2018,456316,4670799,"0,3","0,4",1,261,262,"10,2",2018-08-23 12:22:00,46,2018-08-23 12:22:00
YB,24/08/2018,456316,4670799,"0,8","0,3","1,2",39,304,"6,2",2018-08-24 12:54:00,48,2018-08-24 12:54:00
YB,25/08/2018,456316,4670799,"0,1","1,2","1,7",67,79,"6,7",2018-08-25 11:59:00,55,2018-08-25 11:59:00
YB,26/08/2018,456316,4670799,0,"0,3","1,5",133,223,"7,5",2018-08-26 11:08:00,179,2018-08-26 11:08:00
YB,27/08/2018,456316,4670799,0,"0,2","1,2",45,246,"7,2",2018-08-27 16:08:00,49,2018-08-27 16:08:00
YB,28/08/2018,456316,4670799,0,"0,7","1,7",199,225,"8,5",2018-08-28 21:31:00,224,2018-08-28 21:31:00
YB,29/08/2018,456316,4670799,"5,7","0,2","1,4",129,260,"14,4",2018-08-29 14:59:00,46,2018-08-29 14:59:00
YB,30/08/2018,456316,4670799,"0,1","0,8","1,4",28,332,7,2018-08-30 16:08:00,52,2018-08-30 16:08:00
YB,31/08/2018,456316,4670799,"1,6","0,4",1,303,290,"4,5",2018-08-31 16:48:00,255,2018-08-31 16:48:00
YB,01/09/2018,456316,4670799,"0,1","0,4",1,220,250,"5,1",2018-09-01 12:21:00,42,2018-09-01 12:21:00
YB,02/09/2018,456316,4670799,0,"0,5","1,1",56,15,"7,1",2018-09-02 15:46:00,52,2018-09-02 15:46:00
YB,03/09/2018,456316,4670799,"35,8","0,6","1,5",44,320,"6,8",2018-09-03 16:21:00,315,2018-09-03 16:21:00
YB,04/09/2018,456316,4670799,"4,9","0,2","1,4",335,279,"6,5",2018-09-04 15:30:00,333,2018-09-04 15:30:00
YB,05/09/2018,456316,4670799,"2,4","0,4","1,4",59,296,"10,1",2018-09-05 15:48:00,61,2018-09-05 15:48:00
YB,06/09/2018,456316,4670799,"4,1","0,2","1,2",7,282,"9,8",2018-09-06 13:43:00,37,2018-09-06 13:43:00
YB,07/09/2018,456316,4670799,"1,5","0,1",1,167,261,"5,2",2018-09-07 15:15:00,89,2018-09-07 15:15:00
YB,08/09/2018,456316,4670799,0,"0,2","1,2",110,258,"7,1",2018-09-08 14:42:00,51,2018-09-08 14:42:00
YB,09/09/2018,456316,4670799,"1,2","0,6","1,3",39,323,"6,8",2018-09-09 15:43:00,110,2018-09-09 15:43:00
YB,10/09/2018,456316,4670799,0,"0,3",1,236,264,"5,6",2018-09-10 15:13:00,128,2018-09-10 15:13:00
YB,11/09/2018,456316,4670799,0,"0,2",1,208,260,"4,5",2018-09-11 16:34:00,91,2018-09-11 16:34:00
YB,12/09/2018,456316,4670799,5,"0,6","1,5",28,317,"10,4",2018-09-12 18:54:00,331,2018-09-12 18:54:00
YB,13/09/2018,456316,4670799,0,"0,3",1,270,275,"4,5",2018-09-13 13:16:00,68,2018-09-13 13:16:00
YB,14/09/2018,456316,4670799,0,"0,6","1,1",42,2,"5,7",2018-09-14 15:13:00,75,2018-09-14 15:13:00
YB,15/09/2018,456316,4670799,0,1,"1,5",41,19,"5,3",2018-09-15 11:26:00,57,2018-09-15 11:26:00
YB,16/09/2018,456316,4670799,"5,1",0,"1,1",354,262,"4,9",2018-09-16 11:38:00,51,2018-09-16 11:38:00
YB,17/09/2018,456316,4670799,"0,1","0,6","1,2",36,338,"5,5",2018-09-17 12:12:00,49,2018-09-17 12:12:00
YB,18/09/2018,456316,4670799,0,"0,3","1,1",42,292,"5,8",2018-09-18 10:39:00,44,2018-09-18 10:39:00
YB,19/09/2018,456316,4670799,0,"0,1","0,9",127,249,"4,6",2018-09-19 15:43:00,52,2018-09-19 15:43:00
YB,20/09/2018,456316,4670799,0,"0,4",1,263,265,"5,8",2018-09-20 16:31:00,31,2018-09-20 16:31:00
YB,21/09/2018,456316,4670799,0,"0,3","1,2",49,286,"6,3",2018-09-21 14:54:00,42,2018-09-21 14:54:00
YB,22/09/2018,456316,4670799,0,"0,2","0,9",319,289,"4,6",2018-09-22 14:15:00,24,2018-09-22 14:15:00
YB,23/09/2018,456316,4670799,0,0,1,212,254,6,2018-09-23 16:25:00,82,2018-09-23 16:25:00
YB,24/09/2018,456316,4670799,0,1,"1,4",49,39,"5,4",2018-09-24 13:00:00,45,2018-09-24 13:00:00
YB,25/09/2018,456316,4670799,0,"0,4","1,3",70,339,"6,7",2018-09-25 13:34:00,98,2018-09-25 13:34:00
YB,26/09/2018,456316,4670799,0,"0,7","1,3",48,18,"5,1",2018-09-26 15:03:00,47,2018-09-26 15:03:00
YB,27/09/2018,456316,4670799,0,"0,2",1,315,282,"4,5",2018-09-27 15:22:00,43,2018-09-27 15:22:00
YB,28/09/2018,456316,4670799,0,"0,5","0,8",254,265,"5,8",2018-09-28 16:57:00,270,2018-09-28 16:57:00
YB,29/09/2018,456316,4670799,"6,8","0,2","1,4",80,278,"8,7",2018-09-29 15:13:00,93,2018-09-29 15:13:00
YB,30/09/2018,456316,4670799,0,"0,8","1,8",44,312,"7,3",2018-09-30 12:09:00,43,2018-09-30 12:09:00
YB,01/10/2018,456316,4670799,0,"0,6","1,7",40,326,"9,4",2018-10-01 20:18:00,273,2018-10-01 20:18:00
YB,02/10/2018,456316,4670799,0,"0,9","1,5",216,230,"5,7",2018-10-02 10:42:00,190,2018-10-02 10:42:00
YB,03/10/2018,456316,4670799,0,"0,7","1,5",203,216,"7,6",2018-10-03 13:17:00,46,2018-10-03 13:17:00
YB,04/10/2018,456316,4670799,0,"0,5","1,2",36,294,"6,2",2018-10-04 14:38:00,95,2018-10-04 14:38:00
YB,05/10/2018,456316,4670799,0,"0,2","1,1",156,248,"5,9",2018-10-05 13:34:00,25,2018-10-05 13:34:00
YB,06/10/2018,456316,4670799,0,"0,6","1,1",208,247,"8,1",2018-10-06 11:00:00,197,2018-10-06 11:00:00
YB,07/10/2018,456316,4670799,"15,8","0,6","1,5",46,24,7,2018-10-07 03:11:00,331,2018-10-07 03:11:00
YB,08/10/2018,456316,4670799,"4,5","0,3","1,3",22,299,"7,4",2018-10-08 15:01:00,36,2018-10-08 15:01:00
YB,09/10/2018,456316,4670799,"24,5","0,7","1,1",47,41,"6,3",2018-10-09 22:10:00,63,2018-10-09 22:10:00
YB,10/10/2018,456316,4670799,"6,4","0,1","0,8",259,249,"6,8",2018-10-10 00:33:00,60,2018-10-10 00:33:00
YB,11/10/2018,456316,4670799,0,"1,1","1,7",223,234,"9,7",2018-10-11 14:51:00,234,2018-10-11 14:51:00
YB,12/10/2018,456316,4670799,0,"0,4","1,4",113,145,"6,7",2018-10-12 12:47:00,201,2018-10-12 12:47:00
YB,13/10/2018,456316,4670799,0,"0,6","1,1",173,140,"6,6",2018-10-13 11:01:00,242,2018-10-13 11:01:00
YB,14/10/2018,456316,4670799,"26,4","1,2","1,8",113,96,"13,1",2018-10-14 22:36:00,61,2018-10-14 22:36:00
YB,15/10/2018,456316,4670799,"51,2","0,3","1,2",76,290,"13,5",2018-10-15 00:42:00,138,2018-10-15 00:42:00
YB,16/10/2018,456316,4670799,1,"0,1","0,9",82,265,"6,1",2018-10-16 12:42:00,39,2018-10-16 12:42:00
YB,17/10/2018,456316,4670799,"1,7","0,3","0,9",143,252,"5,3",2018-10-17 13:26:00,137,2018-10-17 13:26:00
YB,18/10/2018,456316,4670799,"15,9","0,2","0,7",17,309,6,2018-10-18 14:39:00,61,2018-10-18 14:39:00
YB,19/10/2018,456316,4670799,"0,3","0,1","0,8",329,263,"3,8",2018-10-19 13:20:00,29,2018-10-19 13:20:00
YB,20/10/2018,456316,4670799,"0,1","0,1","0,7",298,283,"3,6",2018-10-20 13:44:00,68,2018-10-20 13:44:00
YB,21/10/2018,456316,4670799,0,"0,1","0,8",251,234,"4,2",2018-10-21 15:17:00,56,2018-10-21 15:17:00
YB,22/10/2018,456316,4670799,0,"0,1","0,9",26,264,"4,7",2018-10-22 14:24:00,89,2018-10-22 14:24:00
YB,23/10/2018,456316,4670799,0,"0,3","0,9",240,256,"4,8",2018-10-23 13:51:00,77,2018-10-23 13:51:00
YB,24/10/2018,456316,4670799,0,"0,6",1,235,237,5,2018-10-24 14:17:00,204,2018-10-24 14:17:00
YB,25/10/2018,456316,4670799,0,"0,2","0,8",4,275,"4,2",2018-10-25 13:39:00,54,2018-10-25 13:39:00
YB,26/10/2018,456316,4670799,"1,2","0,8","1,1",53,37,"4,8",2018-10-26 13:23:00,42,2018-10-26 13:23:00
YB,27/10/2018,456316,4670799,"24,3","0,3","0,8",50,8,"6,3",2018-10-27 07:55:00,52,2018-10-27 07:55:00
YB,28/10/2018,456316,4670799,"5,9","0,4","0,9",49,38,"4,5",2018-10-28 00:15:00,60,2018-10-28 00:15:00
YB,29/10/2018,456316,4670799,0,"0,4","0,9",219,234,"4,7",2018-10-29 14:56:00,206,2018-10-29 14:56:00
YB,30/10/2018,456316,4670799,0,1,"1,4",216,226,"9,3",2018-10-30 11:14:00,206,2018-10-30 11:14:00
YB,31/10/2018,456316,4670799,"30,3","0,2",1,299,308,"5,5",2018-10-31 21:59:00,343,2018-10-31 21:59:00
YB,01/11/2018,456316,4670799,"3,8","0,2","0,8",136,181,5,2018-11-01 13:01:00,53,2018-11-01 13:01:00
YB,02/11/2018,456316,4670799,0,"0,3","0,7",222,241,"3,5",2018-11-02 15:44:00,170,2018-11-02 15:44:00
YB,03/11/2018,456316,4670799,0,"0,2","0,8",242,251,"4,7",2018-11-03 12:44:00,61,2018-11-03 12:44:00
YB,04/11/2018,456316,4670799,0,0,"0,6",287,249,"3,6",2018-11-04 16:20:00,52,2018-11-04 16:20:00
YB,05/11/2018,456316,4670799,"15,8","0,7","1,4",175,187,"7,4",2018-11-05 21:33:00,197,2018-11-05 21:33:00
YB,06/11/2018,456316,4670799,"0,1",1,"1,5",223,242,"8,8",2018-11-06 10:14:00,229,2018-11-06 10:14:00
YB,07/11/2018,456316,4670799,0,"1,7","2,1",229,244,"11,6",2018-11-07 12:22:00,226,2018-11-07 12:22:00
YB,08/11/2018,456316,4670799,0,"1,5","1,8",209,223,"7,4",2018-11-08 16:03:00,186,2018-11-08 16:03:00
YB,09/11/2018,456316,4670799,"15,8","0,4","0,8",247,257,"3,9",2018-11-09 16:26:00,281,2018-11-09 16:26:00
YB,10/11/2018,456316,4670799,0,"1,1","1,9",226,237,"11,8",2018-11-10 14:17:00,230,2018-11-10 14:17:00
YB,11/11/2018,456316,4670799,0,"1,9","2,4",231,239,"12,4",2018-11-11 10:48:00,223,2018-11-11 10:48:00
YB,12/11/2018,456316,4670799,0,"0,2","1,3",197,194,"4,6",2018-11-12 00:37:00,214,2018-11-12 00:37:00
YB,13/11/2018,456316,4670799,0,"0,2","0,8",168,225,"3,9",2018-11-13 12:09:00,118,2018-11-13 12:09:00
YB,14/11/2018,456316,4670799,0,"0,2","0,8",176,222,"4,8",2018-11-14 13:36:00,125,2018-11-14 13:36:00
YB,15/11/2018,456316,4670799,"21,1","0,2","0,5",260,252,"2,7",2018-11-15 10:23:00,346,2018-11-15 10:23:00
YB,16/11/2018,456316,4670799,"3,8","0,2","0,7",27,322,"3,9",2018-11-16 12:24:00,54,2018-11-16 12:24:00
YB,17/11/2018,456316,4670799,"21,1","0,3","0,9",3,333,"4,9",2018-11-17 14:25:00,58,2018-11-17 14:25:00
YB,18/11/2018,456316,4670799,"37,4","0,8","1,2",11,16,"6,8",2018-11-18 02:32:00,1,2018-11-18 02:32:00
YB,19/11/2018,456316,4670799,7,"0,2","0,7",24,12,"3,2",2018-11-19 00:17:00,350,2018-11-19 00:17:00
YB,20/11/2018,456316,4670799,"0,4","0,2","0,8",266,301,"6,2",2018-11-20 19:38:00,293,2018-11-20 19:38:00
YB,21/11/2018,456316,4670799,0,"0,1","0,9",37,222,"7,4",2018-11-21 16:08:00,56,2018-11-21 16:08:00
YB,22/11/2018,456316,4670799,0,"1,1","1,6",218,245,"9,2",2018-11-22 11:54:00,175,2018-11-22 11:54:00
YB,23/11/2018,456316,4670799,"3,4","0,5",1,244,246,"7,8",2018-11-23 18:38:00,246,2018-11-23 18:38:00
YB,24/11/2018,456316,4670799,0,"0,4","0,7",223,244,"4,8",2018-11-24 12:34:00,188,2018-11-24 12:34:00
YB,25/11/2018,456316,4670799,0,"0,6","1,8",241,254,"10,9",2018-11-25 09:39:00,202,2018-11-25 09:39:00
YB,26/11/2018,456316,4670799,"0,1","0,1","0,9",259,270,"6,3",2018-11-26 15:46:00,32,2018-11-26 15:46:00
YB,27/11/2018,456316,4670799,0,"0,2","1,3",69,195,5,2018-11-27 15:05:00,72,2018-11-27 15:05:00
YB,28/11/2018,456316,4670799,0,"0,2","0,7",262,261,"3,5",2018-11-28 14:00:00,47,2018-11-28 14:00:00
YB,29/11/2018,456316,4670799,0,"0,3","0,9",59,269,"6,2",2018-11-29 13:13:00,65,2018-11-29 13:13:00
YB,30/11/2018,456316,4670799,"0,2","0,3","0,8",253,243,"3,8",2018-11-30 14:07:00,178,2018-11-30 14:07:00
YB,01/12/2018,456316,4670799,0,"0,2","0,7",234,251,"3,4",2018-12-01 14:02:00,61,2018-12-01 14:02:00
YB,02/12/2018,456316,4670799,0,"0,3","0,6",244,240,"2,5",2018-12-02 22:53:00,273,2018-12-02 22:53:00
YB,03/12/2018,456316,4670799,0,"0,2","0,5",245,248,"3,1",2018-12-03 13:46:00,60,2018-12-03 13:46:00
YB,04/12/2018,456316,4670799,0,"0,1","0,5",39,259,"4,5",2018-12-04 14:38:00,54,2018-12-04 14:38:00
YB,05/12/2018,456316,4670799,0,0,"0,6",350,260,3,2018-12-05 11:59:00,50,2018-12-05 11:59:00
YB,06/12/2018,456316,4670799,0,"0,2","0,7",236,245,"5,1",2018-12-06 15:02:00,130,2018-12-06 15:02:00
YB,07/12/2018,456316,4670799,0,"0,1","0,8",26,256,"3,5",2018-12-07 13:05:00,62,2018-12-07 13:05:00
YB,08/12/2018,456316,4670799,0,"0,2","0,8",220,230,"4,8",2018-12-08 12:39:00,178,2018-12-08 12:39:00
YB,09/12/2018,456316,4670799,0,"0,1",1,75,241,"6,4",2018-12-09 14:09:00,40,2018-12-09 14:09:00
YB,10/12/2018,456316,4670799,0,"0,1","0,6",259,259,"2,7",2018-12-10 14:20:00,57,2018-12-10 14:20:00
YB,11/12/2018,456316,4670799,0,0,"0,7",352,267,"4,4",2018-12-11 13:25:00,52,2018-12-11 13:25:00
YB,12/12/2018,456316,4670799,0,"0,3",1,33,295,"4,1",2018-12-12 14:36:00,59,2018-12-12 14:36:00
YB,13/12/2018,456316,4670799,"3,9","0,2","0,6",258,260,"4,4",2018-12-13 10:05:00,8,2018-12-13 10:05:00
YB,14/12/2018,456316,4670799,"0,7","0,2","0,7",243,242,"3,1",2018-12-14 14:51:00,58,2018-12-14 14:51:00
YB,15/12/2018,456316,4670799,0,"0,4","0,7",247,256,"2,7",2018-12-15 18:57:00,176,2018-12-15 18:57:00
YB,16/12/2018,456316,4670799,"2,2",0,"0,9",175,241,"4,6",2018-12-16 16:51:00,206,2018-12-16 16:51:00
YB,17/12/2018,456316,4670799,0,"0,1",1,351,253,"4,8",2018-12-17 13:04:00,49,2018-12-17 13:04:00
YB,18/12/2018,456316,4670799,0,"0,1","1,1",134,243,"8,6",2018-12-18 12:55:00,188,2018-12-18 12:55:00
YB,19/12/2018,456316,4670799,0,"0,9","1,5",227,252,"8,2",2018-12-19 12:15:00,200,2018-12-19 12:15:00
YB,20/12/2018,456316,4670799,0,"0,3","0,8",240,250,"3,4",2018-12-20 14:56:00,89,2018-12-20 14:56:00
YB,21/12/2018,456316,4670799,0,"0,6","0,8",230,244,"5,8",2018-12-21 12:44:00,189,2018-12-21 12:44:00
YB,22/12/2018,456316,4670799,0,0,"0,6",8,248,"4,5",2018-12-22 13:50:00,53,2018-12-22 13:50:00
YB,23/12/2018,456316,4670799,0,"0,2","0,4",257,263,"2,7",2018-12-23 15:56:00,95,2018-12-23 15:56:00
YB,24/12/2018,456316,4670799,0,"0,1","0,6",290,265,"4,3",2018-12-24 14:22:00,60,2018-12-24 14:22:00
YB,25/12/2018,456316,4670799,0,"0,3","0,9",46,287,"4,7",2018-12-25 15:51:00,52,2018-12-25 15:51:00
YB,26/12/2018,456316,4670799,0,"0,4","0,7",264,261,"3,3",2018-12-26 15:39:00,40,2018-12-26 15:39:00
YB,27/12/2018,456316,4670799,0,"0,3",1,10,281,"4,8",2018-12-27 13:44:00,54,2018-12-27 13:44:00
YB,28/12/2018,456316,4670799,0,"0,2","0,7",24,268,"4,6",2018-12-28 13:54:00,52,2018-12-28 13:54:00
YB,29/12/2018,456316,4670799,0,"0,2","0,8",284,262,"4,8",2018-12-29 14:13:00,59,2018-12-29 14:13:00
YB,30/12/2018,456316,4670799,0,"0,5","0,9",243,246,"5,5",2018-12-30 05:39:00,23,2018-12-30 05:39:00
YB,31/12/2018,456316,4670799,0,"0,4","0,8",237,234,"5,9",2018-12-31 16:20:00,310,2018-12-31 16:20:00
YB,01/01/2019,456316,4670799,0,"0,2","0,9",42,271,"4,6",2019-01-01 13:21:00,57,2019-01-01 13:21:00
YB,02/01/2019,456316,4670799,0,"0,2","1,1",185,220,"8,7",2019-01-02 14:46:00,95,2019-01-02 14:46:00
YB,03/01/2019,456316,4670799,0,"0,4","0,8",223,232,"5,1",2019-01-03 02:44:00,348,2019-01-03 02:44:00
YB,04/01/2019,456316,4670799,0,"0,1","0,9",38,247,"4,2",2019-01-04 12:29:00,56,2019-01-04 12:29:00
YB,05/01/2019,456316,4670799,0,"0,6","1,5",252,240,"9,5",2019-01-05 11:39:00,320,2019-01-05 11:39:00
YB,06/01/2019,456316,4670799,0,"0,5","1,5",278,241,"10,8",2019-01-06 14:07:00,315,2019-01-06 14:07:00
YB,07/01/2019,456316,4670799,0,"0,3","1,3",47,259,"6,9",2019-01-07 14:14:00,48,2019-01-07 14:14:00
YB,08/01/2019,456316,4670799,0,0,"1,2",2,250,"5,7",2019-01-08 15:48:00,50,2019-01-08 15:48:00
YB,09/01/2019,456316,4670799,0,"0,5","2,1",54,193,"16,8",2019-01-09 23:13:00,305,2019-01-09 23:13:00
YB,10/01/2019,456316,4670799,0,"1,2","3,1",332,310,"19,5",2019-01-10 02:09:00,349,2019-01-10 02:09:00
YB,11/01/2019,456316,4670799,0,"0,6","1,2",231,235,"5,9",2019-01-11 16:14:00,275,2019-01-11 16:14:00
YB,12/01/2019,456316,4670799,0,0,1,329,255,"4,2",2019-01-12 14:44:00,53,2019-01-12 14:44:00
YB,13/01/2019,456316,4670799,0,"0,2",1,245,239,"4,3",2019-01-13 13:02:00,70,2019-01-13 13:02:00
YB,14/01/2019,456316,4670799,0,"0,3","1,1",229,231,"5,5",2019-01-14 13:25:00,7,2019-01-14 13:25:00
YB,15/01/2019,456316,4670799,0,"0,2","0,6",257,266,"3,1",2019-01-15 15:14:00,54,2019-01-15 15:14:00
YB,16/01/2019,456316,4670799,0,"0,4","0,8",41,292,"5,5",2019-01-16 14:13:00,52,2019-01-16 14:13:00
YB,17/01/2019,456316,4670799,0,"0,1","0,7",313,272,"3,8",2019-01-17 12:14:00,51,2019-01-17 12:14:00
YB,18/01/2019,456316,4670799,0,"0,3","0,6",232,244,"3,1",2019-01-18 15:31:00,218,2019-01-18 15:31:00
YB,19/01/2019,456316,4670799,0,"0,6","1,1",222,262,"7,4",2019-01-19 14:58:00,212,2019-01-19 14:58:00
YB,20/01/2019,456316,4670799,"0,2","0,4","0,8",248,260,"3,7",2019-01-20 14:56:00,135,2019-01-20 14:56:00
YB,21/01/2019,456316,4670799,0,"0,5","1,1",232,245,"4,7",2019-01-21 14:03:00,139,2019-01-21 14:03:00
YB,22/01/2019,456316,4670799,0,"0,6",1,231,245,"6,9",2019-01-22 14:37:00,237,2019-01-22 14:37:00
YB,23/01/2019,456316,4670799,"0,1","0,7","1,5",319,297,"11,3",2019-01-23 23:10:00,278,2019-01-23 23:10:00
YB,24/01/2019,456316,4670799,0,"2,4","3,7",318,317,"21,4",2019-01-24 04:08:00,334,2019-01-24 04:08:00
YB,25/01/2019,456316,4670799,0,"0,6","2,5",255,244,"17,4",2019-01-25 04:52:00,321,2019-01-25 04:52:00
YB,26/01/2019,456316,4670799,0,"0,3",1,36,273,"5,4",2019-01-26 13:34:00,48,2019-01-26 13:34:00
YB,27/01/2019,456316,4670799,"1,9","0,4","1,1",258,252,"10,8",2019-01-27 18:16:00,275,2019-01-27 18:16:00
YB,28/01/2019,456316,4670799,"2,4","0,4","1,3",302,287,"9,4",2019-01-28 15:35:00,246,2019-01-28 15:35:00
YB,29/01/2019,456316,4670799,0,"0,8","1,3",234,248,"9,3",2019-01-29 15:28:00,213,2019-01-29 15:28:00
YB,30/01/2019,456316,4670799,0,"0,5","1,5",66,250,"6,5",2019-01-30 15:25:00,63,2019-01-30 15:25:00
YB,31/01/2019,456316,4670799,0,"0,6","1,4",238,215,"16,1",2019-01-31 22:01:00,249,2019-01-31 22:01:00
YB,01/02/2019,456316,4670799,"0,2","1,6","2,9",201,181,"14,8",2019-02-01 13:03:00,211,2019-02-01 13:03:00
YB,02/02/2019,456316,4670799,2,"0,1","1,4",7,353,"7,8",2019-02-02 22:20:00,324,2019-02-02 22:20:00
YB,03/02/2019,456316,4670799,0,"1,3","2,7",309,293,"16,2",2019-02-03 08:58:00,353,2019-02-03 08:58:00
YB,04/02/2019,456316,4670799,0,"0,1","1,3",313,246,"5,8",2019-02-04 00:00:00,50,2019-02-04 00:00:00
YB,05/02/2019,456316,4670799,0,"0,1","0,9",245,249,"4,7",2019-02-05 15:05:00,68,2019-02-05 15:05:00
YB,06/02/2019,456316,4670799,0,"0,4","0,9",39,286,"6,4",2019-02-06 13:17:00,52,2019-02-06 13:17:00
YB,07/02/2019,456316,4670799,0,"0,6","1,1",64,5,7,2019-02-07 12:42:00,35,2019-02-07 12:42:00
YB,08/02/2019,456316,4670799,0,"0,1","0,8",197,265,5,2019-02-08 15:33:00,183,2019-02-08 15:33:00
YB,09/02/2019,456316,4670799,0,"0,5","1,2",177,230,"7,9",2019-02-09 21:33:00,219,2019-02-09 21:33:00
YB,10/02/2019,456316,4670799,0,1,"2,2",203,214,10,2019-02-10 11:20:00,214,2019-02-10 11:20:00
YB,11/02/2019,456316,4670799,0,"0,1","1,2",140,249,"4,7",2019-02-11 14:28:00,145,2019-02-11 14:28:00
YB,12/02/2019,456316,4670799,0,"0,1","1,1",322,248,"5,4",2019-02-12 14:09:00,43,2019-02-12 14:09:00
YB,13/02/2019,456316,4670799,0,"0,6","1,2",35,307,"5,7",2019-02-13 15:24:00,50,2019-02-13 15:24:00
YB,14/02/2019,456316,4670799,0,"0,9","1,6",200,246,"9,4",2019-02-14 13:11:00,174,2019-02-14 13:11:00
YB,15/02/2019,456316,4670799,0,"0,4","1,4",66,281,"7,4",2019-02-15 15:42:00,57,2019-02-15 15:42:00
YB,16/02/2019,456316,4670799,0,"0,7","1,5",46,301,"8,8",2019-02-16 13:42:00,52,2019-02-16 13:42:00
YB,17/02/2019,456316,4670799,0,"0,7","1,3",50,287,"7,3",2019-02-17 11:28:00,56,2019-02-17 11:28:00
YB,18/02/2019,456316,4670799,0,"0,4","1,6",170,266,"8,2",2019-02-18 12:25:00,187,2019-02-18 12:25:00
YB,19/02/2019,456316,4670799,0,0,"1,2",215,242,"5,2",2019-02-19 14:21:00,47,2019-02-19 14:21:00
YB,20/02/2019,456316,4670799,0,"0,1","0,9",322,268,"4,7",2019-02-20 15:24:00,33,2019-02-20 15:24:00
YB,21/02/2019,456316,4670799,0,"0,4",1,27,299,"5,6",2019-02-21 13:45:00,62,2019-02-21 13:45:00
YB,22/02/2019,456316,4670799,0,"0,6","1,1",228,248,"5,3",2019-02-22 16:05:00,163,2019-02-22 16:05:00
YB,23/02/2019,456316,4670799,0,"0,4","1,2",67,326,"6,7",2019-02-23 13:57:00,48,2019-02-23 13:57:00
YB,24/02/2019,456316,4670799,0,"0,5","1,3",30,294,"6,3",2019-02-24 13:12:00,49,2019-02-24 13:12:00
YB,25/02/2019,456316,4670799,0,"0,5","1,2",29,294,7,2019-02-25 12:36:00,58,2019-02-25 12:36:00
YB,26/02/2019,456316,4670799,0,"0,4","1,3",30,296,6,2019-02-26 14:56:00,25,2019-02-26 14:56:00
YB,27/02/2019,456316,4670799,0,"0,5","1,1",41,292,"6,4",2019-02-27 15:33:00,59,2019-02-27 15:33:00
YB,28/02/2019,456316,4670799,0,"0,6","1,6",60,285,8,2019-02-28 10:21:00,59,2019-02-28 10:21:00
YB,01/03/2019,456316,4670799,0,"0,7","1,4",54,358,6,2019-03-01 15:42:00,93,2019-03-01 15:42:00
YB,02/03/2019,456316,4670799,0,"0,3","1,4",64,273,"7,4",2019-03-02 14:10:00,42,2019-03-02 14:10:00
YB,03/03/2019,456316,4670799,0,"0,2","1,4",128,231,"8,5",2019-03-03 21:27:00,185,2019-03-03 21:27:00
YB,04/03/2019,456316,4670799,0,"0,8","1,8",91,180,"8,3",2019-03-04 10:52:00,57,2019-03-04 10:52:00
YB,05/03/2019,456316,4670799,0,"2,3","2,6",222,231,"8,7",2019-03-05 14:16:00,204,2019-03-05 14:16:00
YB,06/03/2019,456316,4670799,"7,6","2,3","3,2",218,212,"16,3",2019-03-06 20:26:00,250,2019-03-06 20:26:00
YB,07/03/2019,456316,4670799,0,"0,7","1,6",164,226,"10,2",2019-03-07 16:05:00,174,2019-03-07 16:05:00
YB,08/03/2019,456316,4670799,0,"0,4","1,3",127,219,"5,9",2019-03-08 13:03:00,136,2019-03-08 13:03:00
YB,09/03/2019,456316,4670799,0,"0,2","1,1",33,269,"5,8",2019-03-09 14:33:00,29,2019-03-09 14:33:00
YB,10/03/2019,456316,4670799,0,"0,3","1,4",115,225,"6,2",2019-03-10 12:20:00,53,2019-03-10 12:20:00
YB,11/03/2019,456316,4670799,"0,1","0,5","1,6",124,123,"6,8",2019-03-11 09:23:00,65,2019-03-11 09:23:00
YB,12/03/2019,456316,4670799,0,"0,8","1,7",183,214,"7,4",2019-03-12 11:58:00,158,2019-03-12 11:58:00
YB,13/03/2019,456316,4670799,0,"0,3","1,4",164,235,7,2019-03-13 13:56:00,61,2019-03-13 13:56:00
YB,14/03/2019,456316,4670799,0,"0,3","1,2",76,163,"6,6",2019-03-14 12:18:00,22,2019-03-14 12:18:00
YB,15/03/2019,456316,4670799,0,"0,5","1,4",53,336,"5,9",2019-03-15 14:09:00,40,2019-03-15 14:09:00
YB,16/03/2019,456316,4670799,0,"0,3","1,2",30,284,"6,1",2019-03-16 13:59:00,53,2019-03-16 13:59:00
YB,17/03/2019,456316,4670799,0,"1,4","2,1",102,116,"7,7",2019-03-17 12:52:00,76,2019-03-17 12:52:00
YB,18/03/2019,456316,4670799,0,"0,6","1,5",175,226,"8,5",2019-03-18 14:43:00,159,2019-03-18 14:43:00
YB,19/03/2019,456316,4670799,0,"0,9",2,73,269,"11,7",2019-03-19 11:51:00,52,2019-03-19 11:51:00
YB,20/03/2019,456316,4670799,0,"0,5","1,4",181,232,"7,2",2019-03-20 15:52:00,144,2019-03-20 15:52:00
YB,21/03/2019,456316,4670799,0,"0,4","1,4",122,225,"7,1",2019-03-21 12:09:00,149,2019-03-21 12:09:00
YB,22/03/2019,456316,4670799,0,"0,3","1,2",126,246,7,2019-03-22 16:19:00,116,2019-03-22 16:19:00
YB,23/03/2019,456316,4670799,0,"0,4","1,2",162,237,"6,9",2019-03-23 15:23:00,154,2019-03-23 15:23:00
YB,24/03/2019,456316,4670799,0,"0,3","1,2",117,257,"7,2",2019-03-24 14:12:00,63,2019-03-24 14:12:00
YB,25/03/2019,456316,4670799,0,"0,6","1,5",83,293,"7,3",2019-03-25 14:48:00,87,2019-03-25 14:48:00
YB,26/03/2019,456316,4670799,0,"1,4","2,7",331,322,"15,5",2019-03-26 15:18:00,302,2019-03-26 15:18:00
YB,27/03/2019,456316,4670799,0,"0,4","1,5",145,221,"8,3",2019-03-27 15:37:00,116,2019-03-27 15:37:00
YB,28/03/2019,456316,4670799,0,"0,5","1,2",81,314,"8,9",2019-03-28 15:03:00,64,2019-03-28 15:03:00
YB,29/03/2019,456316,4670799,0,"0,5","1,4",147,213,"7,4",2019-03-29 14:22:00,94,2019-03-29 14:22:00
YB,30/03/2019,456316,4670799,0,"0,6","1,5",99,111,"7,3",2019-03-30 13:04:00,106,2019-03-30 13:04:00
YB,31/03/2019,456316,4670799,0,"0,5","1,3",52,325,"5,6",2019-03-31 14:23:00,31,2019-03-31 14:23:00
YB,01/04/2019,456316,4670799,0,"0,7","1,4",77,17,"7,2",2019-04-01 10:47:00,50,2019-04-01 10:47:00
YB,02/04/2019,456316,4670799,"12,6","0,4","1,3",20,290,"9,1",2019-04-02 14:46:00,352,2019-04-02 14:46:00
YB,03/04/2019,456316,4670799,"9,8","0,5","1,9",102,88,"7,6",2019-04-03 14:02:00,150,2019-04-03 14:02:00
YB,04/04/2019,456316,4670799,0,"0,4","1,3",100,80,"5,8",2019-04-04 16:20:00,50,2019-04-04 16:20:00
YB,05/04/2019,456316,4670799,"10,1","1,5","1,9",220,228,"10,4",2019-04-05 08:26:00,232,2019-04-05 08:26:00
YB,06/04/2019,456316,4670799,"0,8","2,1","2,5",224,237,"10,6",2019-04-06 13:20:00,185,2019-04-06 13:20:00
YB,07/04/2019,456316,4670799,"1,8","0,5","1,3",198,239,"6,9",2019-04-07 14:19:00,171,2019-04-07 14:19:00
YB,08/04/2019,456316,4670799,"2,4","0,6","1,3",84,159,6,2019-04-08 10:45:00,67,2019-04-08 10:45:00
YB,09/04/2019,456316,4670799,"10,9","0,4","1,2",237,249,"7,6",2019-04-09 04:29:00,345,2019-04-09 04:29:00
YB,10/04/2019,456316,4670799,1,"0,4","1,4",196,244,"5,9",2019-04-10 12:44:00,169,2019-04-10 12:44:00
YB,11/04/2019,456316,4670799,0,"0,3","1,2",233,245,"6,2",2019-04-11 13:32:00,61,2019-04-11 13:32:00
YB,12/04/2019,456316,4670799,0,"0,5","1,6",172,217,"7,3",2019-04-12 12:38:00,65,2019-04-12 12:38:00
YB,13/04/2019,456316,4670799,0,"0,2","1,3",131,269,"6,5",2019-04-13 13:27:00,81,2019-04-13 13:27:00
YB,14/04/2019,456316,4670799,0,"0,5","1,4",53,283,6,2019-04-14 10:08:00,54,2019-04-14 10:08:00
YB,15/04/2019,456316,4670799,"0,7","1,1","1,7",30,344,"7,7",2019-04-15 13:00:00,20,2019-04-15 13:00:00
YB,16/04/2019,456316,4670799,"3,3","0,6","1,2",66,41,6,2019-04-16 02:22:00,1,2019-04-16 02:22:00
YB,17/04/2019,456316,4670799,0,1,"1,9",72,74,"9,8",2019-04-17 12:13:00,168,2019-04-17 12:13:00
YB,18/04/2019,456316,4670799,0,"1,1","1,5",62,41,"8,1",2019-04-18 13:36:00,90,2019-04-18 13:36:00
YB,19/04/2019,456316,4670799,0,"1,5","2,1",73,45,"10,8",2019-04-19 11:52:00,82,2019-04-19 11:52:00
YB,20/04/2019,456316,4670799,"7,4","1,5",2,71,43,11,2019-04-20 13:04:00,77,2019-04-20 13:04:00
YB,21/04/2019,456316,4670799,"0,5",2,"2,5",34,28,"10,5",2019-04-21 13:53:00,58,2019-04-21 13:53:00
YB,22/04/2019,456316,4670799,"3,6","2,3","2,5",39,37,"8,6",2019-04-22 05:42:00,23,2019-04-22 05:42:00
YB,23/04/2019,456316,4670799,"1,7","0,6","1,3",223,246,"9,2",2019-04-23 15:43:00,253,2019-04-23 15:43:00
YB,24/04/2019,456316,4670799,0,"2,4",3,228,221,"13,8",2019-04-24 09:25:00,233,2019-04-24 09:25:00
YB,25/04/2019,456316,4670799,"3,8","1,6","2,7",234,244,"15,1",2019-04-25 17:48:00,271,2019-04-25 17:48:00
YB,26/04/2019,456316,4670799,0,"0,5","1,6",213,241,"7,9",2019-04-26 14:15:00,117,2019-04-26 14:15:00
YB,27/04/2019,456316,4670799,0,"0,5","1,1",66,42,"5,4",2019-04-27 10:24:00,76,2019-04-27 10:24:00
YB,28/04/2019,456316,4670799,0,1,"1,5",67,74,6,2019-04-28 12:07:00,43,2019-04-28 12:07:00
YB,29/04/2019,456316,4670799,0,"0,4","1,1",85,54,"6,1",2019-04-29 15:32:00,64,2019-04-29 15:32:00
YB,30/04/2019,456316,4670799,0,"0,5","1,2",117,145,"7,2",2019-04-30 14:17:00,66,2019-04-30 14:17:00
YB,01/05/2019,456316,4670799,"2,3","0,6","1,5",65,335,"6,9",2019-05-01 13:35:00,93,2019-05-01 13:35:00
YB,02/05/2019,456316,4670799,"13,2","0,2",1,353,292,"8,3",2019-05-02 13:20:00,50,2019-05-02 13:20:00
YB,03/05/2019,456316,4670799,"11,2","0,2",1,353,290,"5,3",2019-05-03 10:20:00,51,2019-05-03 10:20:00
YB,04/05/2019,456316,4670799,"0,1","0,6","1,3",185,221,"6,6",2019-05-04 13:06:00,242,2019-05-04 13:06:00
YB,05/05/2019,456316,4670799,"0,3","0,7","2,2",26,336,"11,3",2019-05-05 09:46:00,338,2019-05-05 09:46:00
YB,06/05/2019,456316,4670799,0,"0,4","1,4",66,302,"8,4",2019-05-06 14:08:00,54,2019-05-06 14:08:00
YB,07/05/2019,456316,4670799,0,"1,3","1,9",47,17,"8,5",2019-05-07 14:48:00,48,2019-05-07 14:48:00
YB,08/05/2019,456316,4670799,"1,3","1,9","2,7",222,230,"14,4",2019-05-08 14:21:00,272,2019-05-08 14:21:00
YB,09/05/2019,456316,4670799,0,"0,5","1,5",97,332,"7,2",2019-05-09 14:25:00,52,2019-05-09 14:25:00
YB,10/05/2019,456316,4670799,"0,5","0,6","1,2",37,2,7,2019-05-10 12:32:00,33,2019-05-10 12:32:00
YB,11/05/2019,456316,4670799,"8,6","0,1","1,5",65,271,"10,4",2019-05-11 12:21:00,51,2019-05-11 12:21:00
YB,12/05/2019,456316,4670799,0,"0,1","1,7",132,240,"10,4",2019-05-12 15:16:00,53,2019-05-12 15:16:00
YB,13/05/2019,456316,4670799,0,"0,9","1,6",178,202,"6,8",2019-05-13 13:46:00,156,2019-05-13 13:46:00
YB,14/05/2019,456316,4670799,0,"0,7","1,4",47,336,"7,1",2019-05-14 13:44:00,55,2019-05-14 13:44:00
YB,15/05/2019,456316,4670799,0,"0,7","1,7",77,24,"7,9",2019-05-15 12:23:00,140,2019-05-15 12:23:00
YB,16/05/2019,456316,4670799,0,"1,1","1,9",195,217,"9,3",2019-05-16 09:44:00,228,2019-05-16 09:44:00
YB,17/05/2019,456316,4670799,"12,7","0,3","1,1",328,295,"6,3",2019-05-17 05:05:00,308,2019-05-17 05:05:00
YB,18/05/2019,456316,4670799,"4,3","0,5","1,1",35,328,"9,2",2019-05-18 12:08:00,65,2019-05-18 12:08:00
YB,19/05/2019,456316,4670799,"10,8","0,3",1,186,222,"6,8",2019-05-19 13:43:00,96,2019-05-19 13:43:00
YB,20/05/2019,456316,4670799,0,"0,3","1,4",156,259,"5,8",2019-05-20 11:29:00,57,2019-05-20 11:29:00
YB,21/05/2019,456316,4670799,0,"0,3","1,1",4,314,"7,1",2019-05-21 11:27:00,36,2019-05-21 11:27:00
YB,22/05/2019,456316,4670799,0,"0,3","1,2",77,297,"6,5",2019-05-22 16:11:00,89,2019-05-22 16:11:00
YB,23/05/2019,456316,4670799,0,"1,2","1,8",37,345,"8,4",2019-05-23 14:51:00,51,2019-05-23 14:51:00
YB,24/05/2019,456316,4670799,"6,5","0,4","0,7",254,266,"2,8",2019-05-24 01:13:00,189,2019-05-24 01:13:00
YB,25/05/2019,456316,4670799,"0,3","0,8","1,1",275,277,"5,7",2019-05-25 14:38:00,313,2019-05-25 14:38:00
YB,26/05/2019,456316,4670799,0,"0,5","1,6",336,283,"13,2",2019-05-26 12:45:00,332,2019-05-26 12:45:00
YB,27/05/2019,456316,4670799,0,"0,6","1,4",177,217,"7,3",2019-05-27 13:29:00,138,2019-05-27 13:29:00
YB,28/05/2019,456316,4670799,"5,7","0,3","1,1",49,344,7,2019-05-28 11:12:00,142,2019-05-28 11:12:00
YB,29/05/2019,456316,4670799,0,"0,4","1,5",169,229,"7,4",2019-05-29 13:22:00,122,2019-05-29 13:22:00
YB,30/05/2019,456316,4670799,0,"0,4","1,3",145,205,"7,3",2019-05-30 16:00:00,44,2019-05-30 16:00:00
YB,31/05/2019,456316,4670799,0,"0,3","1,3",77,320,"7,4",2019-05-31 13:32:00,73,2019-05-31 13:32:00
YB,01/06/2019,456316,4670799,0,"0,6","1,5",60,338,7,2019-06-01 13:12:00,76,2019-06-01 13:12:00
YB,02/06/2019,456316,4670799,0,"1,1","1,6",34,334,"7,9",2019-06-02 14:13:00,36,2019-06-02 14:13:00
YB,03/06/2019,456316,4670799,0,"0,8","1,5",45,327,"7,3",2019-06-03 14:48:00,51,2019-06-03 14:48:00
YB,04/06/2019,456316,4670799,0,"1,5","2,1",201,230,9,2019-06-04 13:01:00,219,2019-06-04 13:01:00
YB,05/06/2019,456316,4670799,0,"0,3","1,6",137,274,"10,1",2019-06-05 14:25:00,218,2019-06-05 14:25:00
YB,06/06/2019,456316,4670799,0,"1,4",2,219,241,"8,5",2019-06-06 17:20:00,238,2019-06-06 17:20:00
YB,07/06/2019,456316,4670799,0,"1,5","2,2",217,236,"11,7",2019-06-07 11:31:00,181,2019-06-07 11:31:00
YB,08/06/2019,456316,4670799,0,"0,6","1,5",127,186,"7,3",2019-06-08 13:45:00,146,2019-06-08 13:45:00
YB,09/06/2019,456316,4670799,0,"0,2","1,2",99,264,"7,6",2019-06-09 15:49:00,135,2019-06-09 15:49:00
YB,10/06/2019,456316,4670799,0,"0,7","1,7",108,148,"9,4",2019-06-10 14:28:00,33,2019-06-10 14:28:00
YB,11/06/2019,456316,4670799,"19,7","0,1",1,14,266,"4,7",2019-06-11 09:12:00,64,2019-06-11 09:12:00
YB,12/06/2019,456316,4670799,"0,1","0,5","1,7",195,233,"8,1",2019-06-12 17:08:00,51,2019-06-12 17:08:00
YB,13/06/2019,456316,4670799,0,"0,3","1,5",73,297,"8,8",2019-06-13 13:13:00,13,2019-06-13 13:13:00
YB,14/06/2019,456316,4670799,"1,7","0,2","1,5",217,256,"7,6",2019-06-14 13:16:00,40,2019-06-14 13:16:00
YB,15/06/2019,456316,4670799,0,"0,8","1,5",85,50,"7,7",2019-06-15 11:32:00,63,2019-06-15 11:32:00
YB,16/06/2019,456316,4670799,0,"0,3","1,3",92,201,"7,5",2019-06-16 12:42:00,209,2019-06-16 12:42:00
YB,17/06/2019,456316,4670799,0,"0,5","1,6",54,293,"9,3",2019-06-17 15:00:00,56,2019-06-17 15:00:00
YB,18/06/2019,456316,4670799,0,"1,6","2,1",201,230,"8,8",2019-06-18 15:08:00,253,2019-06-18 15:08:00
YB,19/06/2019,456316,4670799,0,"0,6","1,9",59,268,"8,7",2019-06-19 14:05:00,14,2019-06-19 14:05:00
YB,20/06/2019,456316,4670799,0,"0,6","1,6",65,342,"9,2",2019-06-20 16:21:00,67,2019-06-20 16:21:00
YB,21/06/2019,456316,4670799,"2,1","0,6",1,297,281,"5,8",2019-06-21 13:57:00,338,2019-06-21 13:57:00
YB,22/06/2019,456316,4670799,0,"0,6","1,5",62,355,"7,7",2019-06-22 12:40:00,26,2019-06-22 12:40:00
YB,23/06/2019,456316,4670799,0,"0,3","1,7",117,267,"9,4",2019-06-23 14:06:00,358,2019-06-23 14:06:00
YB,24/06/2019,456316,4670799,0,"0,7","1,6",67,300,"8,7",2019-06-24 11:17:00,22,2019-06-24 11:17:00
YB,25/06/2019,456316,4670799,0,"0,7","1,5",68,20,"7,5",2019-06-25 16:03:00,54,2019-06-25 16:03:00
YB,26/06/2019,456316,4670799,0,"0,2","1,3",114,249,"7,5",2019-06-26 12:44:00,40,2019-06-26 12:44:00
YB,27/06/2019,456316,4670799,0,"0,5","1,5",49,322,"8,2",2019-06-27 15:05:00,51,2019-06-27 15:05:00
YB,28/06/2019,456316,4670799,0,"0,4","1,3",163,219,"6,9",2019-06-28 15:11:00,134,2019-06-28 15:11:00
YB,29/06/2019,456316,4670799,0,"0,8","1,5",65,26,"7,8",2019-06-29 11:53:00,57,2019-06-29 11:53:00
YB,30/06/2019,456316,4670799,0,"0,9","1,6",50,19,"7,8",2019-06-30 12:51:00,63,2019-06-30 12:51:00
YB,01/07/2019,456316,4670799,0,1,"1,9",56,38,"7,3",2019-07-01 12:28:00,17,2019-07-01 12:28:00
YB,02/07/2019,456316,4670799,0,"0,3","1,4",129,229,"8,1",2019-07-02 14:59:00,80,2019-07-02 14:59:00
YB,03/07/2019,456316,4670799,"4,3","0,3","1,3",306,287,14,2019-07-03 12:59:00,323,2019-07-03 12:59:00
YB,04/07/2019,456316,4670799,0,"0,5","1,3",124,195,"6,6",2019-07-04 12:38:00,131,2019-07-04 12:38:00
YB,05/07/2019,456316,4670799,0,"0,9","1,6",176,219,"7,9",2019-07-05 13:41:00,166,2019-07-05 13:41:00
YB,06/07/2019,456316,4670799,0,"1,2",2,40,14,"8,6",2019-07-06 14:09:00,29,2019-07-06 14:09:00
YB,07/07/2019,456316,4670799,"0,1","0,5","1,4",144,194,11,2019-07-07 13:40:00,67,2019-07-07 13:40:00
YB,08/07/2019,456316,4670799,"1,8","0,6","1,4",254,251,"12,2",2019-07-08 12:59:00,259,2019-07-08 12:59:00
YB,09/07/2019,456316,4670799,"2,8","0,1","1,1",274,262,"6,1",2019-07-09 14:07:00,181,2019-07-09 14:07:00
YB,10/07/2019,456316,4670799,0,"0,5","1,4",146,192,"6,3",2019-07-10 15:02:00,114,2019-07-10 15:02:00
YB,11/07/2019,456316,4670799,0,"0,6","1,5",97,203,"7,4",2019-07-11 12:20:00,48,2019-07-11 12:20:00
YB,12/07/2019,456316,4670799,0,"0,6","1,5",79,346,"10,5",2019-07-12 14:20:00,45,2019-07-12 14:20:00
YB,13/07/2019,456316,4670799,0,"0,5","1,6",93,176,"7,3",2019-07-13 15:12:00,146,2019-07-13 15:12:00
YB,14/07/2019,456316,4670799,"3,8","0,4","0,9",256,262,"4,8",2019-07-14 13:51:00,280,2019-07-14 13:51:00
YB,15/07/2019,456316,4670799,0,"0,8","1,5",173,213,"8,1",2019-07-15 15:55:00,154,2019-07-15 15:55:00
YB,16/07/2019,456316,4670799,0,"0,5","1,7",100,201,"8,5",2019-07-16 14:59:00,55,2019-07-16 14:59:00
YB,17/07/2019,456316,4670799,"1,3","0,4","1,2",223,250,"9,1",2019-07-17 16:01:00,278,2019-07-17 16:01:00
YB,18/07/2019,456316,4670799,"2,1","0,4","1,2",202,249,"5,7",2019-07-18 12:37:00,105,2019-07-18 12:37:00
YB,19/07/2019,456316,4670799,"0,1","0,5","1,2",168,221,"5,9",2019-07-19 13:05:00,129,2019-07-19 13:05:00
YB,20/07/2019,456316,4670799,0,"0,8","1,6",162,214,"8,3",2019-07-20 13:59:00,142,2019-07-20 13:59:00
YB,21/07/2019,456316,4670799,0,"0,8","1,7",56,18,"8,6",2019-07-21 12:50:00,54,2019-07-21 12:50:00
YB,22/07/2019,456316,4670799,0,"0,4","1,5",176,222,"7,8",2019-07-22 12:34:00,23,2019-07-22 12:34:00
YB,23/07/2019,456316,4670799,0,"0,8","1,4",50,351,"9,7",2019-07-23 14:03:00,43,2019-07-23 14:03:00
YB,24/07/2019,456316,4670799,0,"0,5","1,3",112,212,"7,5",2019-07-24 14:15:00,138,2019-07-24 14:15:00
YB,25/07/2019,456316,4670799,0,"0,7","1,7",126,196,"7,9",2019-07-25 15:00:00,74,2019-07-25 15:00:00
YB,26/07/2019,456316,4670799,0,"0,6","1,6",101,327,"9,3",2019-07-26 14:45:00,60,2019-07-26 14:45:00
YB,27/07/2019,456316,4670799,"23,7","0,5","1,3",15,326,"10,8",2019-07-27 16:47:00,72,2019-07-27 16:47:00
YB,28/07/2019,456316,4670799,0,"0,6","1,6",103,190,"7,1",2019-07-28 13:48:00,93,2019-07-28 13:48:00
YB,29/07/2019,456316,4670799,0,"0,4","1,3",80,349,"7,4",2019-07-29 14:04:00,38,2019-07-29 14:04:00
YB,30/07/2019,456316,4670799,0,"0,7","1,5",102,127,"9,1",2019-07-30 13:09:00,69,2019-07-30 13:09:00
YB,31/07/2019,456316,4670799,0,"0,9","1,7",67,49,"7,8",2019-07-31 10:16:00,34,2019-07-31 10:16:00
YB,01/08/2019,456316,4670799,0,"0,5","1,6",96,132,"7,4",2019-08-01 11:28:00,50,2019-08-01 11:28:00
YB,02/08/2019,456316,4670799,"0,2","0,5","1,5",124,196,"7,9",2019-08-02 12:02:00,53,2019-08-02 12:02:00
YB,03/08/2019,456316,4670799,0,"0,5","1,5",52,324,"8,2",2019-08-03 14:16:00,63,2019-08-03 14:16:00
YB,04/08/2019,456316,4670799,"1,4","0,1","1,7",8,261,"8,8",2019-08-04 16:38:00,270,2019-08-04 16:38:00
YB,05/08/2019,456316,4670799,"0,1","0,6","1,6",44,317,"8,5",2019-08-05 15:48:00,59,2019-08-05 15:48:00
YB,06/08/2019,456316,4670799,0,"1,3","1,9",51,46,"8,5",2019-08-06 13:47:00,17,2019-08-06 13:47:00
YB,07/08/2019,456316,4670799,"17,2","0,4","1,3",51,311,"6,8",2019-08-07 13:53:00,53,2019-08-07 13:53:00
YB,08/08/2019,456316,4670799,0,"0,5","1,3",45,331,"7,1",2019-08-08 15:18:00,24,2019-08-08 15:18:00
YB,09/08/2019,456316,4670799,0,"1,1","2,3",239,263,"9,7",2019-08-09 14:36:00,173,2019-08-09 14:36:00
YB,10/08/2019,456316,4670799,0,"0,7","1,6",101,153,"9,1",2019-08-10 14:46:00,86,2019-08-10 14:46:00
YB,11/08/2019,456316,4670799,0,"0,6","1,6",136,212,"9,9",2019-08-11 13:32:00,69,2019-08-11 13:32:00
YB,12/08/2019,456316,4670799,"0,3","0,6","1,4",96,148,"6,1",2019-08-12 12:26:00,79,2019-08-12 12:26:00
YB,13/08/2019,456316,4670799,0,"0,6","1,3",121,176,8,2019-08-13 14:44:00,112,2019-08-13 14:44:00
YB,14/08/2019,456316,4670799,0,"0,2","1,2",140,218,"6,1",2019-08-14 15:23:00,91,2019-08-14 15:23:00
YB,15/08/2019,456316,4670799,"0,6","0,4","1,2",95,338,"9,7",2019-08-15 12:47:00,59,2019-08-15 12:47:00
YB,16/08/2019,456316,4670799,0,"0,4","1,6",146,273,"8,9",2019-08-16 15:21:00,51,2019-08-16 15:21:00
YB,17/08/2019,456316,4670799,0,"0,8","1,7",59,38,"10,8",2019-08-17 13:59:00,84,2019-08-17 13:59:00
YB,18/08/2019,456316,4670799,0,"0,9","1,9",158,182,"10,6",2019-08-18 14:52:00,63,2019-08-18 14:52:00
YB,19/08/2019,456316,4670799,0,"0,7","1,3",94,66,"7,6",2019-08-19 13:22:00,122,2019-08-19 13:22:00
YB,20/08/2019,456316,4670799,"0,2","0,3","1,2",318,295,11,2019-08-20 11:46:00,277,2019-08-20 11:46:00
YB,21/08/2019,456316,4670799,0,"0,4","1,3",103,245,"8,2",2019-08-21 14:01:00,60,2019-08-21 14:01:00
YB,22/08/2019,456316,4670799,0,"0,6","1,5",150,209,"7,1",2019-08-22 16:51:00,143,2019-08-22 16:51:00
YB,23/08/2019,456316,4670799,0,"0,4","1,4",108,246,"7,6",2019-08-23 12:43:00,158,2019-08-23 12:43:00
YB,24/08/2019,456316,4670799,"1,9","0,3","1,1",115,265,"6,7",2019-08-24 12:14:00,66,2019-08-24 12:14:00
YB,25/08/2019,456316,4670799,0,"0,5","1,3",120,245,"7,3",2019-08-25 11:26:00,52,2019-08-25 11:26:00
YB,26/08/2019,456316,4670799,0,"0,6","1,4",146,214,"8,7",2019-08-26 11:39:00,151,2019-08-26 11:39:00
YB,27/08/2019,456316,4670799,0,"0,2",1,122,223,"4,9",2019-08-27 15:04:00,164,2019-08-27 15:04:00
YB,28/08/2019,456316,4670799,0,"0,4","1,3",147,201,"6,7",2019-08-28 11:59:00,92,2019-08-28 11:59:00
YB,29/08/2019,456316,4670799,0,"0,3","1,1",155,240,"8,8",2019-08-29 14:38:00,59,2019-08-29 14:38:00
YB,30/08/2019,456316,4670799,0,"0,3","1,1",2,319,"9,4",2019-08-30 13:19:00,2,2019-08-30 13:19:00
YB,31/08/2019,456316,4670799,0,"0,1","1,2",357,265,"8,8",2019-08-31 17:11:00,271,2019-08-31 17:11:00
YB,01/09/2019,456316,4670799,"10,7","0,3","1,4",59,285,"12,4",2019-09-01 16:25:00,42,2019-09-01 16:25:00
YB,02/09/2019,456316,4670799,0,"0,7","1,2",54,22,"6,5",2019-09-02 12:03:00,53,2019-09-02 12:03:00
YB,03/09/2019,456316,4670799,0,"0,3","1,3",58,284,"6,4",2019-09-03 12:09:00,56,2019-09-03 12:09:00
YB,04/09/2019,456316,4670799,0,"0,3","1,2",71,262,"7,9",2019-09-04 14:49:00,97,2019-09-04 14:49:00
YB,05/09/2019,456316,4670799,"0,6","0,3","1,3",211,251,"7,5",2019-09-05 13:09:00,84,2019-09-05 13:09:00
YB,06/09/2019,456316,4670799,0,"0,5","1,2",175,207,"6,4",2019-09-06 16:49:00,114,2019-09-06 16:49:00
YB,07/09/2019,456316,4670799,"0,4","0,5","1,4",132,179,"8,4",2019-09-07 15:35:00,97,2019-09-07 15:35:00
YB,08/09/2019,456316,4670799,0,"0,3","1,4",171,223,"8,1",2019-09-08 14:01:00,165,2019-09-08 14:01:00
YB,09/09/2019,456316,4670799,0,"0,4","1,8",92,89,10,2019-09-09 14:52:00,62,2019-09-09 14:52:00
YB,10/09/2019,456316,4670799,"14,1","0,3","1,2",295,269,"8,7",2019-09-10 23:37:00,57,2019-09-10 23:37:00
YB,11/09/2019,456316,4670799,"3,9","0,7","1,8",38,331,"10,9",2019-09-11 02:22:00,57,2019-09-11 02:22:00
YB,12/09/2019,456316,4670799,0,"0,4","1,3",113,212,"6,8",2019-09-12 12:23:00,69,2019-09-12 12:23:00
YB,13/09/2019,456316,4670799,"0,2","0,2",1,256,255,"4,9",2019-09-13 12:58:00,58,2019-09-13 12:58:00
YB,14/09/2019,456316,4670799,"0,1","0,4","1,2",117,174,"5,4",2019-09-14 13:34:00,49,2019-09-14 13:34:00
YB,15/09/2019,456316,4670799,"2,3","0,3",1,253,257,8,2019-09-15 01:02:00,269,2019-09-15 01:02:00
YB,16/09/2019,456316,4670799,0,"0,4","0,9",195,225,"5,1",2019-09-16 15:59:00,134,2019-09-16 15:59:00
YB,17/09/2019,456316,4670799,0,"0,5","1,2",161,220,"6,2",2019-09-17 13:06:00,76,2019-09-17 13:06:00
YB,18/09/2019,456316,4670799,14,"0,3","1,3",302,267,"10,7",2019-09-18 13:26:00,323,2019-09-18 13:26:00
YB,19/09/2019,456316,4670799,8,"0,4","1,1",294,281,"9,5",2019-09-19 14:25:00,306,2019-09-19 14:25:00
YB,20/09/2019,456316,4670799,"0,1","0,9","1,4",63,58,"7,2",2019-09-20 14:03:00,44,2019-09-20 14:03:00
YB,21/09/2019,456316,4670799,"5,9","0,1","0,6",274,283,"5,7",2019-09-21 09:51:00,61,2019-09-21 09:51:00
YB,22/09/2019,456316,4670799,"0,3","0,4","1,6",147,194,"8,1",2019-09-22 11:08:00,170,2019-09-22 11:08:00
YB,23/09/2019,456316,4670799,0,0,"1,1",193,253,"6,8",2019-09-23 14:19:00,38,2019-09-23 14:19:00
YB,24/09/2019,456316,4670799,0,"0,3","1,3",85,243,"7,5",2019-09-24 15:49:00,58,2019-09-24 15:49:00
YB,25/09/2019,456316,4670799,0,"0,7","1,3",39,314,"6,5",2019-09-25 12:26:00,52,2019-09-25 12:26:00
YB,26/09/2019,456316,4670799,0,"0,3","1,1",54,231,"6,5",2019-09-26 15:27:00,55,2019-09-26 15:27:00
YB,27/09/2019,456316,4670799,0,"0,6","1,2",56,314,7,2019-09-27 12:49:00,51,2019-09-27 12:49:00
YB,28/09/2019,456316,4670799,0,"0,4","1,5",60,273,"8,9",2019-09-28 14:27:00,49,2019-09-28 14:27:00
YB,29/09/2019,456316,4670799,0,"0,3","1,1",49,258,"7,4",2019-09-29 14:57:00,67,2019-09-29 14:57:00
YB,30/09/2019,456316,4670799,0,"0,2","1,2",104,255,"7,4",2019-09-30 15:32:00,53,2019-09-30 15:32:00
YB,01/10/2019,456316,4670799,1,1,"1,6",54,28,"9,3",2019-10-01 16:13:00,28,2019-10-01 16:13:00
YB,02/10/2019,456316,4670799,"36,5","0,4","1,4",86,192,"6,9",2019-10-02 11:56:00,23,2019-10-02 11:56:00
YB,03/10/2019,456316,4670799,0,"0,3",1,351,281,"4,9",2019-10-03 15:12:00,44,2019-10-03 15:12:00
YB,04/10/2019,456316,4670799,0,"0,7","1,3",63,17,"6,4",2019-10-04 14:11:00,44,2019-10-04 14:11:00
YB,05/10/2019,456316,4670799,0,"0,5","1,1",75,72,"5,8",2019-10-05 13:36:00,50,2019-10-05 13:36:00
YB,06/10/2019,456316,4670799,"0,1","0,5","0,9",61,51,"5,2",2019-10-06 15:36:00,57,2019-10-06 15:36:00
YB,07/10/2019,456316,4670799,"0,1","0,2",1,288,302,"4,3",2019-10-07 10:39:00,47,2019-10-07 10:39:00
YB,08/10/2019,456316,4670799,0,"0,1",1,162,225,"6,5",2019-10-08 16:15:00,57,2019-10-08 16:15:00
YB,09/10/2019,456316,4670799,"0,9","0,2",1,110,235,6,2019-10-09 13:20:00,87,2019-10-09 13:20:00
YB,10/10/2019,456316,4670799,"0,3","0,7","1,2",65,57,"5,5",2019-10-10 13:23:00,145,2019-10-10 13:23:00
YB,11/10/2019,456316,4670799,0,"0,3","0,9",69,251,"5,7",2019-10-11 15:41:00,55,2019-10-11 15:41:00
YB,12/10/2019,456316,4670799,0,"1,1","1,6",214,226,"9,4",2019-10-12 09:20:00,234,2019-10-12 09:20:00
YB,13/10/2019,456316,4670799,0,"0,7","1,2",158,194,"6,5",2019-10-13 15:57:00,149,2019-10-13 15:57:00
YB,14/10/2019,456316,4670799,1,"0,4","1,1",203,210,"8,4",2019-10-14 22:08:00,236,2019-10-14 22:08:00
YB,15/10/2019,456316,4670799,0,"0,4","1,5",202,217,"6,6",2019-10-15 15:29:00,50,2019-10-15 15:29:00
YB,16/10/2019,456316,4670799,0,1,"1,4",230,247,"10,5",2019-10-16 11:07:00,228,2019-10-16 11:07:00
YB,17/10/2019,456316,4670799,0,"1,1","1,6",207,237,9,2019-10-17 13:08:00,218,2019-10-17 13:08:00
YB,18/10/2019,456316,4670799,0,"0,3","1,1",28,282,"6,6",2019-10-18 23:44:00,226,2019-10-18 23:44:00
YB,19/10/2019,456316,4670799,0,"2,5",3,216,221,"10,3",2019-10-19 18:31:00,233,2019-10-19 18:31:00
YB,20/10/2019,456316,4670799,6,"0,6","1,5",234,228,"10,5",2019-10-20 13:04:00,223,2019-10-20 13:04:00
YB,21/10/2019,456316,4670799,0,"0,3","0,9",43,347,"5,2",2019-10-21 13:05:00,37,2019-10-21 13:05:00
YB,22/10/2019,456316,4670799,"63,9","0,2","1,2",71,286,"13,8",2019-10-22 22:30:00,103,2019-10-22 22:30:00
YB,23/10/2019,456316,4670799,"28,9","0,2","1,5",142,178,"16,4",2019-10-23 00:29:00,141,2019-10-23 00:29:00
YB,24/10/2019,456316,4670799,0,"0,2","1,1",156,205,"5,5",2019-10-24 14:31:00,70,2019-10-24 14:31:00
YB,25/10/2019,456316,4670799,0,"0,4","0,9",231,226,"4,3",2019-10-25 16:27:00,251,2019-10-25 16:27:00
YB,26/10/2019,456316,4670799,0,"0,1","0,9",122,246,"5,4",2019-10-26 15:06:00,28,2019-10-26 15:06:00
YB,27/10/2019,456316,4670799,0,0,1,21,268,6,2019-10-27 15:31:00,68,2019-10-27 15:31:00
YB,28/10/2019,456316,4670799,0,"0,1","0,5",359,280,"3,7",2019-10-28 16:01:00,48,2019-10-28 16:01:00
YB,29/10/2019,456316,4670799,0,"0,2","0,8",321,278,"4,5",2019-10-29 15:19:00,49,2019-10-29 15:19:00
YB,30/10/2019,456316,4670799,0,"0,7",1,222,240,"7,2",2019-10-30 12:34:00,169,2019-10-30 12:34:00
YB,31/10/2019,456316,4670799,"1,4","0,3","0,7",267,261,"4,1",2019-10-31 16:07:00,50,2019-10-31 16:07:00
YB,01/11/2019,456316,4670799,"3,6","0,2","0,7",273,269,"3,6",2019-11-01 22:46:00,241,2019-11-01 22:46:00
YB,02/11/2019,456316,4670799,"1,2","1,7",2,218,227,"8,8",2019-11-02 13:43:00,207,2019-11-02 13:43:00
YB,03/11/2019,456316,4670799,"8,4","1,3","2,1",213,221,"9,8",2019-11-03 01:28:00,206,2019-11-03 01:28:00
YB,04/11/2019,456316,4670799,"1,6","1,5","2,3",220,235,"11,4",2019-11-04 10:14:00,224,2019-11-04 10:14:00
YB,05/11/2019,456316,4670799,"0,8","0,3","1,7",155,160,"8,5",2019-11-05 14:53:00,229,2019-11-05 14:53:00
YB,06/11/2019,456316,4670799,0,"0,2","1,2",23,267,"5,8",2019-11-06 11:40:00,30,2019-11-06 11:40:00
YB,07/11/2019,456316,4670799,"1,6","0,4","1,2",62,107,"5,9",2019-11-07 11:56:00,188,2019-11-07 11:56:00
YB,08/11/2019,456316,4670799,"0,6","0,5",1,231,247,"6,1",2019-11-08 13:09:00,185,2019-11-08 13:09:00
YB,09/11/2019,456316,4670799,"0,1","0,5","1,3",46,262,"5,9",2019-11-09 14:46:00,44,2019-11-09 14:46:00
YB,10/11/2019,456316,4670799,"0,7","0,3",1,209,222,"4,8",2019-11-10 13:54:00,152,2019-11-10 13:54:00
YB,11/11/2019,456316,4670799,0,"0,2",1,269,249,"3,9",2019-11-11 17:29:00,265,2019-11-11 17:29:00
YB,12/11/2019,456316,4670799,0,"0,5","0,9",232,232,"4,5",2019-11-12 13:13:00,183,2019-11-12 13:13:00
YB,13/11/2019,456316,4670799,0,"0,1","0,8",35,295,"5,3",2019-11-13 14:28:00,21,2019-11-13 14:28:00
YB,14/11/2019,456316,4670799,"6,3","0,5","1,5",73,55,"10,9",2019-11-14 05:17:00,269,2019-11-14 05:17:00
YB,15/11/2019,456316,4670799,0,"0,7",1,220,254,"7,4",2019-11-15 15:42:00,243,2019-11-15 15:42:00
YB,16/11/2019,456316,4670799,0,"0,6",1,198,226,"6,6",2019-11-16 14:32:00,188,2019-11-16 14:32:00
YB,17/11/2019,456316,4670799,0,0,"0,8",307,262,"3,9",2019-11-17 15:42:00,49,2019-11-17 15:42:00
YB,18/11/2019,456316,4670799,0,"0,3","0,9",209,242,6,2019-11-18 10:33:00,116,2019-11-18 10:33:00
YB,19/11/2019,456316,4670799,0,"0,1","0,9",349,273,"5,7",2019-11-19 14:14:00,59,2019-11-19 14:14:00
YB,20/11/2019,456316,4670799,0,"1,1","1,4",232,242,"9,5",2019-11-20 12:43:00,247,2019-11-20 12:43:00
YB,21/11/2019,456316,4670799,0,"0,8","1,3",213,241,"7,8",2019-11-21 14:40:00,223,2019-11-21 14:40:00
YB,22/11/2019,456316,4670799,"15,7","0,8","1,1",224,241,"8,4",2019-11-22 13:49:00,251,2019-11-22 13:49:00
YB,23/11/2019,456316,4670799,"4,8","1,1","1,7",219,236,"9,4",2019-11-23 05:08:00,196,2019-11-23 05:08:00
YB,24/11/2019,456316,4670799,0,"0,2",1,23,285,5,2019-11-24 14:54:00,55,2019-11-24 14:54:00
YB,25/11/2019,456316,4670799,0,"0,3","0,7",238,243,3,2019-11-25 16:49:00,258,2019-11-25 16:49:00
YB,26/11/2019,456316,4670799,0,"0,6","1,1",222,239,"9,5",2019-11-26 23:14:00,218,2019-11-26 23:14:00
YB,27/11/2019,456316,4670799,0,0,"1,5",159,237,"15,7",2019-11-27 00:43:00,268,2019-11-27 00:43:00
YB,28/11/2019,456316,4670799,0,"0,1","1,1",333,269,"6,2",2019-11-28 21:14:00,218,2019-11-28 21:14:00
YB,29/11/2019,456316,4670799,0,0,"0,6",41,254,"3,8",2019-11-29 12:45:00,33,2019-11-29 12:45:00
YB,30/11/2019,456316,4670799,0,0,"1,3",334,295,"8,9",2019-11-30 15:05:00,228,2019-11-30 15:05:00
YB,01/12/2019,456316,4670799,"2,4","0,5",1,69,62,6,2019-12-01 15:14:00,73,2019-12-01 15:14:00
YB,02/12/2019,456316,4670799,0,"0,3","0,6",241,245,"3,4",2019-12-02 16:25:00,250,2019-12-02 16:25:00
YB,03/12/2019,456316,4670799,0,0,"0,6",5,276,3,2019-12-03 21:59:00,49,2019-12-03 21:59:00
YB,04/12/2019,456316,4670799,"68,4","1,7","1,9",44,41,"8,4",2019-12-04 17:53:00,54,2019-12-04 17:53:00
YB,05/12/2019,456316,4670799,"14,5","0,3","0,7",274,265,"4,1",2019-12-05 07:43:00,334,2019-12-05 07:43:00
YB,06/12/2019,456316,4670799,0,"0,2","0,7",30,265,"4,8",2019-12-06 13:45:00,50,2019-12-06 13:45:00
YB,07/12/2019,456316,4670799,0,"0,2","0,8",338,267,5,2019-12-07 14:52:00,43,2019-12-07 14:52:00
YB,08/12/2019,456316,4670799,0,"0,1","0,9",332,263,"4,2",2019-12-08 22:52:00,334,2019-12-08 22:52:00
YB,09/12/2019,456316,4670799,0,"0,4","1,4",246,242,"16,3",2019-12-09 16:56:00,280,2019-12-09 16:56:00
YB,10/12/2019,456316,4670799,0,"0,2","1,1",262,253,"7,7",2019-12-10 04:55:00,16,2019-12-10 04:55:00
YB,11/12/2019,456316,4670799,0,"0,2","0,8",256,256,"5,2",2019-12-11 13:56:00,59,2019-12-11 13:56:00
YB,12/12/2019,456316,4670799,0,"0,9","1,5",210,217,"9,2",2019-12-12 20:31:00,210,2019-12-12 20:31:00
YB,13/12/2019,456316,4670799,"0,3","0,1","1,5",343,241,"7,4",2019-12-13 10:23:00,10,2019-12-13 10:23:00
YB,14/12/2019,456316,4670799,0,"0,4","0,8",238,244,"3,5",2019-12-14 02:15:00,202,2019-12-14 02:15:00
YB,15/12/2019,456316,4670799,0,"0,1","0,6",275,261,"4,7",2019-12-15 15:21:00,54,2019-12-15 15:21:00
YB,16/12/2019,456316,4670799,0,"0,1","0,7",33,263,"3,9",2019-12-16 12:56:00,64,2019-12-16 12:56:00
YB,17/12/2019,456316,4670799,0,"0,4","0,7",233,248,"4,9",2019-12-17 14:07:00,202,2019-12-17 14:07:00
YB,18/12/2019,456316,4670799,0,"0,2","0,6",271,278,"3,3",2019-12-18 15:13:00,56,2019-12-18 15:13:00
YB,19/12/2019,456316,4670799,0,"1,9","2,4",200,215,"9,7",2019-12-19 10:39:00,239,2019-12-19 10:39:00
YB,20/12/2019,456316,4670799,"26,6","4,1","5,1",235,235,"18,9",2019-12-20 04:49:00,236,2019-12-20 04:49:00
YB,21/12/2019,456316,4670799,"7,1","2,4","3,3",249,247,"18,3",2019-12-21 20:13:00,262,2019-12-21 20:13:00
YB,22/12/2019,456316,4670799,0,"1,8","2,4",245,251,"13,8",2019-12-22 01:05:00,261,2019-12-22 01:05:00
YB,23/12/2019,456316,4670799,0,"0,1",1,253,240,4,2019-12-23 12:24:00,49,2019-12-23 12:24:00
YB,24/12/2019,456316,4670799,0,"0,3","0,5",246,251,"3,3",2019-12-24 16:27:00,252,2019-12-24 16:27:00
YB,25/12/2019,456316,4670799,0,"0,1","0,6",272,240,"3,1",2019-12-25 14:21:00,48,2019-12-25 14:21:00
YB,26/12/2019,456316,4670799,0,"0,1","0,5",272,271,"5,3",2019-12-26 14:53:00,59,2019-12-26 14:53:00
YB,27/12/2019,456316,4670799,0,"0,4","0,8",245,236,"3,6",2019-12-27 21:52:00,249,2019-12-27 21:52:00
YB,28/12/2019,456316,4670799,0,"0,3",1,45,283,"4,6",2019-12-28 11:19:00,60,2019-12-28 11:19:00
YB,29/12/2019,456316,4670799,0,"0,1","0,7",68,243,"3,7",2019-12-29 14:47:00,53,2019-12-29 14:47:00
YB,30/12/2019,456316,4670799,0,"0,1","0,7",356,284,"4,2",2019-12-30 15:15:00,50,2019-12-30 15:15:00
YB,31/12/2019,456316,4670799,0,"0,1","0,6",284,256,"4,2",2019-12-31 15:39:00,61,2019-12-31 15:39:00
YB,01/01/2020,456316,4670799,0,"0,3",1,36,260,"4,7",2020-01-01 12:55:00,51,2020-01-01 12:55:00
YB,02/01/2020,456316,4670799,0,"0,1","0,6",277,255,"4,1",2020-01-02 15:32:00,51,2020-01-02 15:32:00
YB,03/01/2020,456316,4670799,0,"0,2","0,6",262,250,"3,2",2020-01-03 18:39:00,255,2020-01-03 18:39:00
YB,04/01/2020,456316,4670799,0,"0,3","0,6",249,251,"3,3",2020-01-04 18:48:00,261,2020-01-04 18:48:00
YB,05/01/2020,456316,4670799,0,"0,1",1,55,242,"5,7",2020-01-05 13:47:00,53,2020-01-05 13:47:00
YB,06/01/2020,456316,4670799,0,"0,2","0,6",266,289,"2,8",2020-01-06 15:11:00,73,2020-01-06 15:11:00
YB,07/01/2020,456316,4670799,0,"0,1","0,7",255,264,"3,6",2020-01-07 13:06:00,157,2020-01-07 13:06:00
YB,08/01/2020,456316,4670799,0,"0,1","0,8",250,249,"4,3",2020-01-08 14:58:00,59,2020-01-08 14:58:00
YB,09/01/2020,456316,4670799,0,"0,7","1,4",222,236,"8,9",2020-01-09 17:39:00,207,2020-01-09 17:39:00
YB,10/01/2020,456316,4670799,"4,5","0,3","0,9",212,237,"4,7",2020-01-10 04:43:00,162,2020-01-10 04:43:00
YB,11/01/2020,456316,4670799,0,"0,2","0,8",259,254,"3,6",2020-01-11 14:11:00,57,2020-01-11 14:11:00
YB,12/01/2020,456316,4670799,0,"0,3","0,5",265,270,"2,7",2020-01-12 16:32:00,248,2020-01-12 16:32:00
YB,13/01/2020,456316,4670799,0,"0,1","0,6",41,229,"4,6",2020-01-13 15:28:00,41,2020-01-13 15:28:00
YB,14/01/2020,456316,4670799,0,"0,3","0,9",213,250,"6,6",2020-01-14 13:00:00,192,2020-01-14 13:00:00
YB,15/01/2020,456316,4670799,0,0,"1,1",225,254,"7,3",2020-01-15 12:30:00,206,2020-01-15 12:30:00
YB,16/01/2020,456316,4670799,0,"0,2","1,3",44,272,"9,4",2020-01-16 21:53:00,228,2020-01-16 21:53:00
YB,17/01/2020,456316,4670799,0,"0,6","1,7",182,142,"9,4",2020-01-17 16:07:00,351,2020-01-17 16:07:00
YB,18/01/2020,456316,4670799,0,"0,4","1,1",63,262,"7,7",2020-01-18 13:37:00,90,2020-01-18 13:37:00
YB,19/01/2020,456316,4670799,0,"3,2","3,6",63,59,"15,4",2020-01-19 18:37:00,17,2020-01-19 18:37:00
YB,20/01/2020,456316,4670799,"6,6","3,5","3,8",47,44,"13,9",2020-01-20 00:17:00,62,2020-01-20 00:17:00
YB,21/01/2020,456316,4670799,"127,2","2,7","3,3",58,47,"14,8",2020-01-21 23:04:00,103,2020-01-21 23:04:00
YB,22/01/2020,456316,4670799,"136,4",2,"2,9",84,93,"15,4",2020-01-22 02:43:00,53,2020-01-22 02:43:00
YB,23/01/2020,456316,4670799,"57,2","0,8","1,9",82,132,"11,5",2020-01-23 08:27:00,244,2020-01-23 08:27:00
YB,24/01/2020,456316,4670799,0,"0,5","1,3",185,235,"7,3",2020-01-24 15:14:00,52,2020-01-24 15:14:00
YB,25/01/2020,456316,4670799,0,"0,6",1,227,248,"5,6",2020-01-25 15:16:00,230,2020-01-25 15:16:00
YB,26/01/2020,456316,4670799,"0,2","0,1","0,7",220,237,"3,3",2020-01-26 11:57:00,156,2020-01-26 11:57:00
YB,27/01/2020,456316,4670799,"0,1","0,9","1,4",239,250,10,2020-01-27 14:45:00,235,2020-01-27 14:45:00
YB,28/01/2020,456316,4670799,0,"0,1",1,197,231,"5,2",2020-01-28 14:43:00,51,2020-01-28 14:43:00
YB,29/01/2020,456316,4670799,0,"0,1","0,8",341,267,"4,1",2020-01-29 15:06:00,85,2020-01-29 15:06:00
YB,30/01/2020,456316,4670799,0,"0,1","0,8",45,267,"5,5",2020-01-30 16:51:00,57,2020-01-30 16:51:00
YB,31/01/2020,456316,4670799,0,"0,1","0,8",68,252,"6,8",2020-01-31 14:42:00,42,2020-01-31 14:42:00
YB,01/02/2020,456316,4670799,0,"0,2",1,25,269,"5,3",2020-02-01 15:30:00,56,2020-02-01 15:30:00
YB,02/02/2020,456316,4670799,0,"0,3","0,6",256,260,"3,5",2020-02-02 16:59:00,247,2020-02-02 16:59:00
YB,03/02/2020,456316,4670799,0,"0,2","0,9",197,258,"7,2",2020-02-03 14:19:00,177,2020-02-03 14:19:00
YB,04/02/2020,456316,4670799,0,"0,5","1,5",79,141,"6,9",2020-02-04 12:36:00,53,2020-02-04 12:36:00
YB,05/02/2020,456316,4670799,0,"0,5","0,9",256,255,"4,5",2020-02-05 21:20:00,170,2020-02-05 21:20:00
YB,06/02/2020,456316,4670799,0,1,"1,5",202,240,"9,4",2020-02-06 14:54:00,193,2020-02-06 14:54:00
YB,07/02/2020,456316,4670799,0,"0,1","0,9",203,257,"4,9",2020-02-07 12:35:00,182,2020-02-07 12:35:00
YB,08/02/2020,456316,4670799,0,"0,3","0,8",308,273,"7,1",2020-02-08 13:20:00,359,2020-02-08 13:20:00
YB,09/02/2020,456316,4670799,0,"0,8","1,4",219,240,"7,7",2020-02-09 18:19:00,251,2020-02-09 18:19:00
YB,10/02/2020,456316,4670799,0,"0,3","1,3",188,242,"7,6",2020-02-10 13:45:00,175,2020-02-10 13:45:00
YB,11/02/2020,456316,4670799,0,"0,1","0,6",270,267,"3,9",2020-02-11 16:56:00,47,2020-02-11 16:56:00
YB,12/02/2020,456316,4670799,"0,3",1,"1,2",57,55,"5,5",2020-02-12 08:52:00,47,2020-02-12 08:52:00
YB,13/02/2020,456316,4670799,"0,1","0,3","1,1",66,252,"7,7",2020-02-13 15:10:00,65,2020-02-13 15:10:00
YB,14/02/2020,456316,4670799,"0,1","0,3","1,2",116,187,"5,3",2020-02-14 11:12:00,192,2020-02-14 11:12:00
YB,15/02/2020,456316,4670799,0,"0,3","0,8",71,68,"4,1",2020-02-15 15:02:00,85,2020-02-15 15:02:00
YB,16/02/2020,456316,4670799,0,"1,1","1,8",58,22,"7,6",2020-02-16 16:24:00,52,2020-02-16 16:24:00
YB,17/02/2020,456316,4670799,"1,4","0,8","1,6",73,65,"5,8",2020-02-17 13:46:00,38,2020-02-17 13:46:00
YB,18/02/2020,456316,4670799,0,"0,5",1,73,74,"4,7",2020-02-18 11:43:00,52,2020-02-18 11:43:00
YB,19/02/2020,456316,4670799,0,"0,2","0,9",236,268,"4,7",2020-02-19 13:12:00,53,2020-02-19 13:12:00
YB,20/02/2020,456316,4670799,0,"0,4","1,1",27,290,"5,4",2020-02-20 16:48:00,45,2020-02-20 16:48:00
YB,21/02/2020,456316,4670799,0,"0,5","1,2",30,281,"6,4",2020-02-21 14:03:00,58,2020-02-21 14:03:00
YB,22/02/2020,456316,4670799,0,"0,5","1,1",36,294,"6,4",2020-02-22 14:54:00,22,2020-02-22 14:54:00
YB,23/02/2020,456316,4670799,0,"0,4","0,9",37,272,"5,7",2020-02-23 14:53:00,52,2020-02-23 14:53:00
YB,24/02/2020,456316,4670799,0,"0,5","1,1",34,292,"5,4",2020-02-24 12:12:00,48,2020-02-24 12:12:00
YB,25/02/2020,456316,4670799,0,"0,3","1,1",40,275,"4,7",2020-02-25 13:21:00,60,2020-02-25 13:21:00
YB,26/02/2020,456316,4670799,0,"0,7","1,3",67,51,"7,1",2020-02-26 14:29:00,120,2020-02-26 14:29:00
YB,27/02/2020,456316,4670799,0,"0,6","1,4",192,220,"7,4",2020-02-27 15:02:00,167,2020-02-27 15:02:00
YB,28/02/2020,456316,4670799,0,"0,9","1,9",44,12,"9,8",2020-02-28 23:57:00,226,2020-02-28 23:57:00
YB,29/02/2020,456316,4670799,0,"3,2","4,3",186,173,"13,1",2020-02-29 15:09:00,214,2020-02-29 15:09:00
YB,01/03/2020,456316,4670799,0,"1,3",3,226,136,"12,8",2020-03-01 15:14:00,207,2020-03-01 15:14:00
YB,02/03/2020,456316,4670799,"6,1","4,3","4,9",258,260,"21,4",2020-03-02 12:42:00,281,2020-03-02 12:42:00
YB,03/03/2020,456316,4670799,0,"0,3",2,235,270,"11,2",2020-03-03 12:34:00,235,2020-03-03 12:34:00
YB,04/03/2020,456316,4670799,0,"0,8","1,5",43,16,"7,6",2020-03-04 15:18:00,24,2020-03-04 15:18:00
YB,05/03/2020,456316,4670799,"1,3","1,9","2,6",225,239,"14,1",2020-03-05 15:12:00,227,2020-03-05 15:12:00
YB,06/03/2020,456316,4670799,"0,1","0,2","1,4",65,265,"7,3",2020-03-06 23:56:00,154,2020-03-06 23:56:00
YB,07/03/2020,456316,4670799,"0,1","0,9","2,6",18,320,"14,9",2020-03-07 14:57:00,77,2020-03-07 14:57:00
YB,08/03/2020,456316,4670799,0,"0,7","1,4",38,324,"6,5",2020-03-08 14:13:00,31,2020-03-08 14:13:00
YB,09/03/2020,456316,4670799,0,"0,7","1,3",167,205,"6,4",2020-03-09 13:58:00,195,2020-03-09 13:58:00
YB,10/03/2020,456316,4670799,0,"0,5","1,2",37,315,"5,8",2020-03-10 15:00:00,51,2020-03-10 15:00:00
YB,11/03/2020,456316,4670799,0,"0,5","1,2",35,319,"6,3",2020-03-11 13:21:00,54,2020-03-11 13:21:00
YB,12/03/2020,456316,4670799,0,"1,1","1,5",44,327,"7,9",2020-03-12 13:40:00,36,2020-03-12 13:40:00
YB,13/03/2020,456316,4670799,0,"0,7","1,4",56,332,"6,6",2020-03-13 13:35:00,48,2020-03-13 13:35:00
YB,14/03/2020,456316,4670799,0,"0,7","1,2",99,91,"5,7",2020-03-14 20:03:00,136,2020-03-14 20:03:00
YB,15/03/2020,456316,4670799,0,"0,9","2,1",123,108,"10,5",2020-03-15 12:33:00,181,2020-03-15 12:33:00
YB,16/03/2020,456316,4670799,"15,3","1,1","1,5",41,36,"7,4",2020-03-16 14:09:00,52,2020-03-16 14:09:00
YB,17/03/2020,456316,4670799,0,"0,2","0,7",16,304,"4,2",2020-03-17 17:29:00,62,2020-03-17 17:29:00
YB,18/03/2020,456316,4670799,0,"0,3","0,8",19,294,"5,8",2020-03-18 15:16:00,48,2020-03-18 15:16:00
YB,19/03/2020,456316,4670799,0,"0,7","1,3",62,296,"6,7",2020-03-19 12:24:00,34,2020-03-19 12:24:00
YB,20/03/2020,456316,4670799,0,"0,3",1,88,274,"6,7",2020-03-20 12:39:00,25,2020-03-20 12:39:00
YB,21/03/2020,456316,4670799,0,"0,7","1,2",78,77,"5,7",2020-03-21 11:39:00,72,2020-03-21 11:39:00
YB,22/03/2020,456316,4670799,0,"0,4",1,78,46,"5,4",2020-03-22 16:43:00,123,2020-03-22 16:43:00
YB,23/03/2020,456316,4670799,"8,5","0,8","1,1",52,34,"7,1",2020-03-23 17:21:00,55,2020-03-23 17:21:00
YB,24/03/2020,456316,4670799,0,"1,5","1,7",59,50,"6,8",2020-03-24 14:34:00,91,2020-03-24 14:34:00
YB,25/03/2020,456316,4670799,"0,6","0,6","1,4",226,231,"5,7",2020-03-25 16:21:00,211,2020-03-25 16:21:00
YB,26/03/2020,456316,4670799,"4,5","0,2","1,1",274,267,"7,3",2020-03-26 13:49:00,67,2020-03-26 13:49:00
YB,27/03/2020,456316,4670799,0,"0,4","0,9",232,248,"5,5",2020-03-27 13:33:00,80,2020-03-27 13:33:00
YB,28/03/2020,456316,4670799,0,"0,3","0,8",241,267,"4,3",2020-03-28 12:37:00,48,2020-03-28 12:37:00
YB,29/03/2020,456316,4670799,"0,6","0,5","1,1",190,252,"7,3",2020-03-29 16:42:00,224,2020-03-29 16:42:00
YB,30/03/2020,456316,4670799,"1,4","1,4","1,5",57,58,"5,4",2020-03-30 09:04:00,55,2020-03-30 09:04:00
YB,31/03/2020,456316,4670799,"4,1","0,3","0,7",56,272,"5,3",2020-03-31 16:52:00,59,2020-03-31 16:52:00
YB,01/04/2020,456316,4670799,"17,2","1,2","1,5",56,47,"6,5",2020-04-01 05:55:00,51,2020-04-01 05:55:00
YB,02/04/2020,456316,4670799,"0,8","0,3","0,8",84,270,"4,8",2020-04-02 10:43:00,74,2020-04-02 10:43:00
YB,03/04/2020,456316,4670799,0,"0,4","1,1",167,230,"5,7",2020-04-03 14:37:00,124,2020-04-03 14:37:00
YB,04/04/2020,456316,4670799,0,"0,8","1,4",54,12,9,2020-04-04 13:34:00,45,2020-04-04 13:34:00
YB,05/04/2020,456316,4670799,0,"1,2","1,8",176,217,"7,6",2020-04-05 12:39:00,152,2020-04-05 12:39:00
YB,06/04/2020,456316,4670799,0,1,"1,6",43,5,"7,6",2020-04-06 13:19:00,51,2020-04-06 13:19:00
YB,07/04/2020,456316,4670799,0,"0,5","1,6",97,287,7,2020-04-07 13:36:00,183,2020-04-07 13:36:00
YB,08/04/2020,456316,4670799,0,"0,7","1,4",37,290,"9,2",2020-04-08 13:06:00,30,2020-04-08 13:06:00
YB,09/04/2020,456316,4670799,0,"0,5","1,3",48,293,"6,3",2020-04-09 12:54:00,65,2020-04-09 12:54:00
YB,10/04/2020,456316,4670799,0,"0,4","1,2",108,264,"7,4",2020-04-10 13:40:00,131,2020-04-10 13:40:00
YB,11/04/2020,456316,4670799,0,"0,2","1,4",45,281,"7,4",2020-04-11 11:27:00,52,2020-04-11 11:27:00
YB,12/04/2020,456316,4670799,0,"1,1","1,5",172,221,"8,2",2020-04-12 14:42:00,160,2020-04-12 14:42:00
YB,13/04/2020,456316,4670799,"16,6","0,4","0,9",52,333,"6,1",2020-04-13 14:42:00,100,2020-04-13 14:42:00
YB,14/04/2020,456316,4670799,"1,3","0,2",1,144,258,"6,3",2020-04-14 14:58:00,121,2020-04-14 14:58:00
YB,15/04/2020,456316,4670799,"1,9","0,9","1,4",55,23,"6,2",2020-04-15 16:14:00,57,2020-04-15 16:14:00
YB,16/04/2020,456316,4670799,0,"0,8","1,4",35,16,"6,4",2020-04-16 15:10:00,32,2020-04-16 15:10:00
YB,17/04/2020,456316,4670799,0,"1,4",2,50,33,"7,5",2020-04-17 08:35:00,53,2020-04-17 08:35:00
YB,18/04/2020,456316,4670799,6,"0,6","1,3",46,6,"8,1",2020-04-18 19:35:00,157,2020-04-18 19:35:00
YB,19/04/2020,456316,4670799,9,"0,4","0,7",54,43,"3,5",2020-04-19 03:41:00,48,2020-04-19 03:41:00
YB,20/04/2020,456316,4670799,"2,2","0,5",1,57,333,"6,5",2020-04-20 11:28:00,77,2020-04-20 11:28:00
YB,21/04/2020,456316,4670799,"64,6","1,4","1,5",55,47,"6,6",2020-04-21 16:36:00,62,2020-04-21 16:36:00
YB,22/04/2020,456316,4670799,"13,8","0,9","1,3",55,32,"6,3",2020-04-22 02:22:00,80,2020-04-22 02:22:00
YB,23/04/2020,456316,4670799,"0,4","0,3","0,9",251,259,9,2020-04-23 13:17:00,56,2020-04-23 13:17:00
YB,24/04/2020,456316,4670799,"0,1","0,2",1,2,285,"7,7",2020-04-24 13:50:00,354,2020-04-24 13:50:00
YB,25/04/2020,456316,4670799,0,"0,5","1,3",52,300,"6,4",2020-04-25 11:46:00,70,2020-04-25 11:46:00
YB,26/04/2020,456316,4670799,"10,9","0,3","0,8",16,298,"10,3",2020-04-26 12:38:00,26,2020-04-26 12:38:00
YB,27/04/2020,456316,4670799,"0,1",1,"1,4",201,243,"7,7",2020-04-27 14:09:00,185,2020-04-27 14:09:00
YB,28/04/2020,456316,4670799,"0,6","0,4","1,7",124,138,"8,8",2020-04-28 15:18:00,60,2020-04-28 15:18:00
YB,29/04/2020,456316,4670799,0,"1,3","1,7",223,245,"9,4",2020-04-29 15:25:00,243,2020-04-29 15:25:00
YB,30/04/2020,456316,4670799,0,"1,2","2,3",217,231,"10,3",2020-04-30 12:29:00,223,2020-04-30 12:29:00
YB,01/05/2020,456316,4670799,"2,4","0,4","1,3",263,282,"12,3",2020-05-01 12:41:00,10,2020-05-01 12:41:00
YB,02/05/2020,456316,4670799,"0,3","0,3","1,2",75,295,"7,2",2020-05-02 11:17:00,44,2020-05-02 11:17:00
YB,03/05/2020,456316,4670799,0,"0,5","1,2",44,306,"6,8",2020-05-03 14:46:00,27,2020-05-03 14:46:00
YB,04/05/2020,456316,4670799,0,"0,1","1,7",287,272,"7,7",2020-05-04 18:35:00,226,2020-05-04 18:35:00
YB,05/05/2020,456316,4670799,0,"0,7","1,7",39,340,"5,7",2020-05-05 11:17:00,20,2020-05-05 11:17:00
YB,06/05/2020,456316,4670799,0,"0,4","1,1",153,225,"7,3",2020-05-06 15:31:00,58,2020-05-06 15:31:00
YB,07/05/2020,456316,4670799,0,"0,9","1,5",60,3,"6,9",2020-05-07 11:46:00,30,2020-05-07 11:46:00
YB,08/05/2020,456316,4670799,0,"1,2","1,7",191,227,"10,6",2020-05-08 10:18:00,207,2020-05-08 10:18:00
YB,09/05/2020,456316,4670799,"1,2","0,3",1,59,23,5,2020-05-09 11:03:00,41,2020-05-09 11:03:00
YB,10/05/2020,456316,4670799,"29,9","0,1",1,354,296,"8,7",2020-05-10 19:20:00,311,2020-05-10 19:20:00
YB,11/05/2020,456316,4670799,"0,1","0,6","1,9",243,272,"10,4",2020-05-11 10:32:00,235,2020-05-11 10:32:00
YB,12/05/2020,456316,4670799,"0,9","0,9","1,4",54,38,"8,2",2020-05-12 12:13:00,45,2020-05-12 12:13:00
YB,13/05/2020,456316,4670799,"3,3",1,"1,7",206,210,"8,6",2020-05-13 12:59:00,244,2020-05-13 12:59:00
YB,14/05/2020,456316,4670799,"12,8","0,1","0,9",173,263,"5,6",2020-05-14 12:09:00,97,2020-05-14 12:09:00
YB,15/05/2020,456316,4670799,"0,4","0,4",1,35,317,"7,3",2020-05-15 16:03:00,63,2020-05-15 16:03:00
YB,16/05/2020,456316,4670799,"2,8","0,1","1,1",241,258,"6,8",2020-05-16 12:42:00,54,2020-05-16 12:42:00
YB,17/05/2020,456316,4670799,0,"0,2","1,1",173,240,"8,3",2020-05-17 13:39:00,156,2020-05-17 13:39:00
YB,18/05/2020,456316,4670799,0,"0,5","1,2",190,227,"7,3",2020-05-18 12:30:00,82,2020-05-18 12:30:00
YB,19/05/2020,456316,4670799,0,"0,4","1,3",184,244,"9,3",2020-05-19 13:55:00,61,2020-05-19 13:55:00
YB,20/05/2020,456316,4670799,0,"0,5","1,2",162,234,"6,9",2020-05-20 15:55:00,128,2020-05-20 15:55:00
YB,21/05/2020,456316,4670799,0,"0,2","1,1",73,296,"6,5",2020-05-21 14:30:00,59,2020-05-21 14:30:00
YB,22/05/2020,456316,4670799,0,"0,3",1,56,299,"6,6",2020-05-22 11:56:00,56,2020-05-22 11:56:00
YB,23/05/2020,456316,4670799,0,"1,2","1,7",58,32,"7,8",2020-05-23 13:47:00,98,2020-05-23 13:47:00
YB,24/05/2020,456316,4670799,0,"0,8","1,3",35,17,"4,9",2020-05-24 11:18:00,37,2020-05-24 11:18:00
YB,25/05/2020,456316,4670799,0,"0,3","1,1",108,299,6,2020-05-25 14:55:00,127,2020-05-25 14:55:00
YB,26/05/2020,456316,4670799,0,"0,3","1,3",95,292,"6,3",2020-05-26 13:06:00,124,2020-05-26 13:06:00
YB,27/05/2020,456316,4670799,0,"0,6","1,4",91,17,7,2020-05-27 15:18:00,125,2020-05-27 15:18:00
YB,28/05/2020,456316,4670799,0,"0,5","1,4",46,326,"6,9",2020-05-28 11:46:00,56,2020-05-28 11:46:00
YB,29/05/2020,456316,4670799,"0,4","0,3","1,3",33,298,"7,1",2020-05-29 14:01:00,55,2020-05-29 14:01:00
YB,30/05/2020,456316,4670799,"0,8","0,5","1,3",38,322,"6,8",2020-05-30 14:33:00,45,2020-05-30 14:33:00
YB,31/05/2020,456316,4670799,"0,4","0,5","1,4",73,344,"6,4",2020-05-31 13:16:00,55,2020-05-31 13:16:00
YB,01/06/2020,456316,4670799,"58,9","0,7","1,4",21,311,"9,9",2020-06-01 13:50:00,2,2020-06-01 13:50:00
YB,02/06/2020,456316,4670799,"2,1","0,6","1,3",49,357,"5,6",2020-06-02 11:15:00,43,2020-06-02 11:15:00
YB,03/06/2020,456316,4670799,"5,1","0,3",1,352,312,"7,3",2020-06-03 11:16:00,29,2020-06-03 11:16:00
YB,04/06/2020,456316,4670799,"25,5","0,4","1,6",59,285,"9,2",2020-06-04 14:58:00,26,2020-06-04 14:58:00
YB,05/06/2020,456316,4670799,0,"0,4","1,2",44,316,"6,2",2020-06-05 11:51:00,66,2020-06-05 11:51:00
YB,06/06/2020,456316,4670799,"2,1","1,2","1,7",45,21,"8,3",2020-06-06 13:12:00,23,2020-06-06 13:12:00
YB,07/06/2020,456316,4670799,"40,8","0,2","0,9",7,341,"6,9",2020-06-07 11:26:00,60,2020-06-07 11:26:00
YB,08/06/2020,456316,4670799,"12,8","0,3",1,232,264,"5,4",2020-06-08 11:49:00,81,2020-06-08 11:49:00
YB,09/06/2020,456316,4670799,0,"0,3",1,217,252,"6,3",2020-06-09 11:32:00,151,2020-06-09 11:32:00
YB,10/06/2020,456316,4670799,14,"0,1","1,2",319,288,"5,8",2020-06-10 09:33:00,53,2020-06-10 09:33:00
YB,11/06/2020,456316,4670799,"3,4","0,7","1,1",239,260,"7,4",2020-06-11 10:59:00,263,2020-06-11 10:59:00
YB,12/06/2020,456316,4670799,"3,3","1,8","2,3",229,237,"11,5",2020-06-12 11:57:00,245,2020-06-12 11:57:00
YB,13/06/2020,456316,4670799,"0,1","0,8","1,5",54,24,"8,9",2020-06-13 12:06:00,30,2020-06-13 12:06:00
YB,14/06/2020,456316,4670799,"1,1","0,6","1,2",58,293,7,2020-06-14 16:09:00,21,2020-06-14 16:09:00
YB,15/06/2020,456316,4670799,"1,3","0,3","1,4",32,307,"9,3",2020-06-15 11:41:00,51,2020-06-15 11:41:00
YB,16/06/2020,456316,4670799,"9,4","0,3","0,7",291,286,"5,5",2020-06-16 16:54:00,346,2020-06-16 16:54:00
YB,17/06/2020,456316,4670799,"9,3","0,5","1,3",63,322,"11,7",2020-06-17 13:17:00,53,2020-06-17 13:17:00
YB,18/06/2020,456316,4670799,"10,3","0,5","1,2",48,331,"7,8",2020-06-18 12:30:00,62,2020-06-18 12:30:00
YB,19/06/2020,456316,4670799,0,"0,1","1,3",36,268,"7,1",2020-06-19 12:43:00,41,2020-06-19 12:43:00
YB,20/06/2020,456316,4670799,"4,2","0,2",1,261,255,"5,7",2020-06-20 12:03:00,49,2020-06-20 12:03:00
YB,21/06/2020,456316,4670799,"0,1","0,3","1,2",109,220,6,2020-06-21 15:28:00,134,2020-06-21 15:28:00
YB,22/06/2020,456316,4670799,0,"0,4","1,2",122,226,"6,9",2020-06-22 13:07:00,124,2020-06-22 13:07:00
YB,23/06/2020,456316,4670799,0,"0,8","1,6",41,337,"7,6",2020-06-23 10:06:00,45,2020-06-23 10:06:00
YB,24/06/2020,456316,4670799,0,"0,7","1,3",44,5,"6,8",2020-06-24 12:56:00,37,2020-06-24 12:56:00
YB,25/06/2020,456316,4670799,"1,6","0,5","1,4",317,294,"7,9",2020-06-25 14:22:00,268,2020-06-25 14:22:00
YB,26/06/2020,456316,4670799,0,"0,5","1,8",207,252,"8,1",2020-06-26 15:48:00,192,2020-06-26 15:48:00
YB,27/06/2020,456316,4670799,"0,1","0,4","1,6",86,20,"7,6",2020-06-27 16:21:00,63,2020-06-27 16:21:00
YB,28/06/2020,456316,4670799,0,"0,8","1,3",32,343,"7,6",2020-06-28 13:08:00,51,2020-06-28 13:08:00
YB,29/06/2020,456316,4670799,0,"0,9","1,4",56,52,"7,1",2020-06-29 12:17:00,20,2020-06-29 12:17:00
YB,30/06/2020,456316,4670799,0,"0,6","1,2",33,0,"5,9",2020-06-30 16:06:00,46,2020-06-30 16:06:00
YB,01/07/2020,456316,4670799,"0,1","0,5","1,8",98,33,"7,9",2020-07-01 16:16:00,77,2020-07-01 16:16:00
YB,02/07/2020,456316,4670799,"22,7","0,5","1,5",47,336,"10,5",2020-07-02 16:56:00,58,2020-07-02 16:56:00
YB,03/07/2020,456316,4670799,"8,7","0,8","1,3",56,39,"6,4",2020-07-03 12:25:00,66,2020-07-03 12:25:00
YB,04/07/2020,456316,4670799,0,"0,3","1,2",49,344,"5,7",2020-07-04 11:16:00,52,2020-07-04 11:16:00
YB,05/07/2020,456316,4670799,0,"0,2","1,2",46,305,"5,4",2020-07-05 14:30:00,62,2020-07-05 14:30:00
YB,06/07/2020,456316,4670799,0,"0,6","1,5",94,69,"6,7",2020-07-06 15:38:00,159,2020-07-06 15:38:00
YB,07/07/2020,456316,4670799,0,"0,8","1,5",62,36,6,2020-07-07 11:05:00,50,2020-07-07 11:05:00
YB,08/07/2020,456316,4670799,0,"1,2","1,8",28,356,"7,5",2020-07-08 15:16:00,37,2020-07-08 15:16:00
YB,09/07/2020,456316,4670799,0,"0,5","1,4",39,319,"6,6",2020-07-09 15:21:00,47,2020-07-09 15:21:00
YB,10/07/2020,456316,4670799,"0,1","0,2","0,9",264,275,"7,4",2020-07-10 13:59:00,156,2020-07-10 13:59:00
YB,11/07/2020,456316,4670799,"1,2","0,5","1,2",55,335,"6,1",2020-07-11 16:05:00,35,2020-07-11 16:05:00
YB,12/07/2020,456316,4670799,"0,8","0,9","1,5",35,345,"7,4",2020-07-12 13:28:00,24,2020-07-12 13:28:00
YB,13/07/2020,456316,4670799,"24,2","0,4","1,1",311,298,6,2020-07-13 11:45:00,69,2020-07-13 11:45:00
YB,14/07/2020,456316,4670799,"0,4","0,4","1,1",322,296,"6,1",2020-07-14 11:54:00,38,2020-07-14 11:54:00
YB,15/07/2020,456316,4670799,"1,6","0,3","0,8",358,307,"6,2",2020-07-15 11:26:00,69,2020-07-15 11:26:00
YB,16/07/2020,456316,4670799,0,"0,9","1,6",59,53,"6,7",2020-07-16 11:02:00,43,2020-07-16 11:02:00
YB,17/07/2020,456316,4670799,0,"0,5","1,2",113,81,"6,3",2020-07-17 15:43:00,149,2020-07-17 15:43:00
YB,18/07/2020,456316,4670799,0,"0,1","1,1",133,262,"5,7",2020-07-18 12:48:00,49,2020-07-18 12:48:00
YB,19/07/2020,456316,4670799,0,1,"1,6",35,340,"8,1",2020-07-19 18:10:00,40,2020-07-19 18:10:00
YB,20/07/2020,456316,4670799,0,"0,7","1,2",213,247,"5,4",2020-07-20 17:33:00,208,2020-07-20 17:33:00
YB,21/07/2020,456316,4670799,0,"0,3","1,5",1,290,"6,7",2020-07-21 11:20:00,52,2020-07-21 11:20:00
YB,22/07/2020,456316,4670799,0,"0,1","1,2",238,276,"6,6",2020-07-22 16:51:00,85,2020-07-22 16:51:00
YB,23/07/2020,456316,4670799,"19,5","0,4","1,3",321,284,"13,1",2020-07-23 12:57:00,25,2020-07-23 12:57:00
YB,24/07/2020,456316,4670799,"24,8","0,1","1,1",331,274,"6,2",2020-07-24 14:12:00,21,2020-07-24 14:12:00
YB,25/07/2020,456316,4670799,"0,1","0,1","1,1",19,281,7,2020-07-25 15:02:00,57,2020-07-25 15:02:00
YB,26/07/2020,456316,4670799,0,"0,2","1,2",97,276,"7,4",2020-07-26 15:03:00,44,2020-07-26 15:03:00
YB,27/07/2020,456316,4670799,0,"0,5","1,3",33,327,"6,8",2020-07-27 12:46:00,35,2020-07-27 12:46:00
YB,28/07/2020,456316,4670799,0,1,"1,6",30,352,"7,4",2020-07-28 13:50:00,28,2020-07-28 13:50:00
YB,29/07/2020,456316,4670799,0,"0,1","1,2",98,305,"5,7",2020-07-29 14:41:00,149,2020-07-29 14:41:00
YB,30/07/2020,456316,4670799,0,"0,5","1,3",205,250,"6,4",2020-07-30 10:52:00,177,2020-07-30 10:52:00
YB,31/07/2020,456316,4670799,0,"0,1","1,2",324,280,"5,5",2020-07-31 14:57:00,36,2020-07-31 14:57:00
YB,01/08/2020,456316,4670799,0,"0,2","1,3",128,290,"9,3",2020-08-01 16:37:00,60,2020-08-01 16:37:00
YB,02/08/2020,456316,4670799,0,"0,8","1,4",95,94,"7,1",2020-08-02 14:13:00,122,2020-08-02 14:13:00
YB,03/08/2020,456316,4670799,"1,7","0,6","1,1",40,359,"7,3",2020-08-03 15:43:00,57,2020-08-03 15:43:00
YB,04/08/2020,456316,4670799,0,"0,4","1,3",168,240,"6,6",2020-08-04 13:36:00,138,2020-08-04 13:36:00
YB,05/08/2020,456316,4670799,0,"0,3","1,3",66,313,"7,1",2020-08-05 14:39:00,36,2020-08-05 14:39:00
YB,06/08/2020,456316,4670799,0,"0,5","1,3",27,318,"7,6",2020-08-06 14:13:00,52,2020-08-06 14:13:00
YB,07/08/2020,456316,4670799,0,"0,6","1,3",27,331,6,2020-08-07 13:58:00,30,2020-08-07 13:58:00
YB,08/08/2020,456316,4670799,0,"0,6",1,263,270,"6,5",2020-08-08 14:59:00,314,2020-08-08 14:59:00
YB,09/08/2020,456316,4670799,"11,1",,,,,"19,6",2020-08-09 13:27:00,279,2020-08-09 13:27:00
YB,10/08/2020,456316,4670799,0,,,,,"8,9",2020-08-10 15:44:00,241,2020-08-10 15:44:00
YB,11/08/2020,456316,4670799,0,"0,6","1,4",19,327,"6,5",2020-08-11 14:35:00,83,2020-08-11 14:35:00
YB,12/08/2020,456316,4670799,0,"0,5","1,3",247,263,"10,5",2020-08-12 13:51:00,274,2020-08-12 13:51:00
YB,13/08/2020,456316,4670799,0,"0,3","1,4",60,278,"8,1",2020-08-13 13:50:00,150,2020-08-13 13:50:00
YB,14/08/2020,456316,4670799,"5,5","0,5","1,4",28,304,"12,5",2020-08-14 14:01:00,54,2020-08-14 14:01:00
YB,15/08/2020,456316,4670799,0,"0,4","1,1",220,255,"6,7",2020-08-15 13:25:00,106,2020-08-15 13:25:00
YB,16/08/2020,456316,4670799,0,"0,7","1,4",113,148,"7,4",2020-08-16 17:08:00,47,2020-08-16 17:08:00
YB,17/08/2020,456316,4670799,"0,3","0,4","1,6",220,258,"8,2",2020-08-17 12:30:00,206,2020-08-17 12:30:00
YB,18/08/2020,456316,4670799,0,"0,1","1,2",235,252,"5,8",2020-08-18 14:51:00,56,2020-08-18 14:51:00
YB,19/08/2020,456316,4670799,0,1,"1,4",223,243,"7,2",2020-08-19 14:26:00,239,2020-08-19 14:26:00
YB,20/08/2020,456316,4670799,0,"1,2","1,7",224,241,"8,6",2020-08-20 16:34:00,238,2020-08-20 16:34:00
YB,21/08/2020,456316,4670799,0,"0,6","1,3",65,48,"7,4",2020-08-21 14:27:00,51,2020-08-21 14:27:00
YB,22/08/2020,456316,4670799,0,"0,8","1,5",85,78,"7,1",2020-08-22 15:31:00,91,2020-08-22 15:31:00
YB,23/08/2020,456316,4670799,0,"0,5","1,6",142,225,"7,8",2020-08-23 10:21:00,177,2020-08-23 10:21:00
YB,24/08/2020,456316,4670799,0,"0,3","1,3",127,220,"6,7",2020-08-24 13:12:00,96,2020-08-24 13:12:00
YB,25/08/2020,456316,4670799,0,"0,4","1,2",60,309,"7,3",2020-08-25 15:23:00,64,2020-08-25 15:23:00
YB,26/08/2020,456316,4670799,0,"0,8","1,5",40,344,"7,1",2020-08-26 15:22:00,17,2020-08-26 15:22:00
YB,27/08/2020,456316,4670799,11,"0,2","1,2",41,296,"9,8",2020-08-27 15:45:00,53,2020-08-27 15:45:00
YB,28/08/2020,456316,4670799,"29,2","0,5","1,4",49,343,8,2020-08-28 17:57:00,2,2020-08-28 17:57:00
YB,29/08/2020,456316,4670799,24,"0,3","1,2",40,30,"6,6",2020-08-29 18:54:00,323,2020-08-29 18:54:00
YB,30/08/2020,456316,4670799,"2,4","0,2","1,4",48,295,"7,4",2020-08-30 15:32:00,16,2020-08-30 15:32:00
YB,31/08/2020,456316,4670799,"0,1","0,1","0,9",332,281,5,2020-08-31 16:28:00,52,2020-08-31 16:28:00
YB,01/09/2020,456316,4670799,"1,8","0,3",1,16,283,"6,7",2020-09-01 16:04:00,62,2020-09-01 16:04:00
YB,02/09/2020,456316,4670799,0,"0,2",1,147,260,"5,1",2020-09-02 15:45:00,103,2020-09-02 15:45:00
YB,03/09/2020,456316,4670799,0,"0,1","0,9",18,289,"5,1",2020-09-03 15:57:00,66,2020-09-03 15:57:00
YB,04/09/2020,456316,4670799,0,"0,7","1,3",55,31,"6,7",2020-09-04 14:44:00,59,2020-09-04 14:44:00
YB,05/09/2020,456316,4670799,0,"0,3","0,9",24,345,"5,6",2020-09-05 11:33:00,41,2020-09-05 11:33:00
YB,06/09/2020,456316,4670799,"29,4","0,6","1,1",60,44,"5,2",2020-09-06 12:36:00,44,2020-09-06 12:36:00
YB,07/09/2020,456316,4670799,0,"0,4","1,1",202,239,"5,1",2020-09-07 14:57:00,199,2020-09-07 14:57:00
YB,08/09/2020,456316,4670799,"6,2","0,2","1,2",77,238,"8,4",2020-09-08 14:17:00,147,2020-09-08 14:17:00
YB,09/09/2020,456316,4670799,"19,4","0,2","0,8",243,251,"5,7",2020-09-09 13:16:00,41,2020-09-09 13:16:00
YB,10/09/2020,456316,4670799,"0,1","0,3","0,9",268,259,10,2020-09-10 12:37:00,50,2020-09-10 12:37:00
YB,11/09/2020,456316,4670799,0,"0,3",1,247,242,"4,7",2020-09-11 15:40:00,298,2020-09-11 15:40:00
YB,12/09/2020,456316,4670799,0,"0,4","0,8",277,275,4,2020-09-12 11:31:00,136,2020-09-12 11:31:00
YB,13/09/2020,456316,4670799,0,"0,1",1,349,293,"4,8",2020-09-13 13:26:00,153,2020-09-13 13:26:00
YB,14/09/2020,456316,4670799,0,"0,1","1,1",184,258,"5,5",2020-09-14 15:29:00,135,2020-09-14 15:29:00
YB,15/09/2020,456316,4670799,0,"0,2","1,1",45,272,"5,1",2020-09-15 13:02:00,66,2020-09-15 13:02:00
YB,16/09/2020,456316,4670799,0,"0,4","0,8",256,257,"3,8",2020-09-16 12:05:00,123,2020-09-16 12:05:00
YB,17/09/2020,456316,4670799,0,"0,4","0,9",238,268,"6,5",2020-09-17 13:32:00,216,2020-09-17 13:32:00
YB,18/09/2020,456316,4670799,"1,7","0,5","0,7",266,268,"4,1",2020-09-18 12:02:00,257,2020-09-18 12:02:00
YB,19/09/2020,456316,4670799,0,"0,9","1,5",223,242,"7,7",2020-09-19 15:09:00,207,2020-09-19 15:09:00
YB,20/09/2020,456316,4670799,"2,8",0,1,202,276,5,2020-09-20 10:37:00,137,2020-09-20 10:37:00
YB,21/09/2020,456316,4670799,"9,4","0,2","0,8",292,276,"8,2",2020-09-21 12:36:00,13,2020-09-21 12:36:00
YB,22/09/2020,456316,4670799,"0,9","0,2","1,2",61,333,"8,5",2020-09-22 16:03:00,54,2020-09-22 16:03:00
YB,23/09/2020,456316,4670799,0,"0,6","1,2",212,241,7,2020-09-23 13:49:00,237,2020-09-23 13:49:00
YB,24/09/2020,456316,4670799,0,"1,2","1,6",216,244,"11,8",2020-09-24 13:43:00,230,2020-09-24 13:43:00
YB,25/09/2020,456316,4670799,"6,1","1,1","2,2",290,287,"15,3",2020-09-25 11:58:00,294,2020-09-25 11:58:00
YB,26/09/2020,456316,4670799,"1,8","0,5","1,2",32,330,"4,7",2020-09-26 15:28:00,53,2020-09-26 15:28:00
YB,27/09/2020,456316,4670799,"0,1","0,4","1,3",31,11,"11,1",2020-09-27 03:09:00,63,2020-09-27 03:09:00
YB,28/09/2020,456316,4670799,0,"0,4","1,1",24,284,"5,5",2020-09-28 13:00:00,54,2020-09-28 13:00:00
YB,29/09/2020,456316,4670799,0,"0,4","1,1",53,294,"6,1",2020-09-29 17:08:00,53,2020-09-29 17:08:00
YB,30/09/2020,456316,4670799,0,"0,5","1,1",18,319,"5,1",2020-09-30 14:22:00,34,2020-09-30 14:22:00
YB,01/10/2020,456316,4670799,0,"0,5","1,4",95,109,"6,4",2020-10-01 23:21:00,204,2020-10-01 23:21:00
YB,02/10/2020,456316,4670799,"1,9","1,2","2,6",190,194,"13,7",2020-10-02 07:41:00,212,2020-10-02 07:41:00
YB,03/10/2020,456316,4670799,0,1,"1,5",220,225,"6,7",2020-10-03 14:39:00,245,2020-10-03 14:39:00
YB,04/10/2020,456316,4670799,0,"1,4","1,8",219,227,"9,7",2020-10-04 08:52:00,214,2020-10-04 08:52:00
YB,05/10/2020,456316,4670799,0,"0,4",1,61,249,"5,8",2020-10-05 12:43:00,61,2020-10-05 12:43:00
YB,06/10/2020,456316,4670799,0,"0,1","0,9",339,262,"5,3",2020-10-06 15:02:00,57,2020-10-06 15:02:00
YB,07/10/2020,456316,4670799,0,"0,3","0,9",52,311,"5,3",2020-10-07 13:24:00,8,2020-10-07 13:24:00
YB,08/10/2020,456316,4670799,0,"0,3","0,7",241,263,"4,2",2020-10-08 09:42:00,197,2020-10-08 09:42:00
YB,09/10/2020,456316,4670799,0,"0,5",1,67,38,"5,4",2020-10-09 13:23:00,80,2020-10-09 13:23:00
YB,10/10/2020,456316,4670799,"31,5","0,5","1,1",50,326,6,2020-10-10 12:54:00,62,2020-10-10 12:54:00
YB,11/10/2020,456316,4670799,"0,1","0,4","1,1",277,272,"6,8",2020-10-11 14:53:00,309,2020-10-11 14:53:00
YB,12/10/2020,456316,4670799,0,"0,4","1,4",250,248,9,2020-10-12 07:00:00,56,2020-10-12 07:00:00
YB,13/10/2020,456316,4670799,"4,2","0,7","1,2",54,65,6,2020-10-13 13:13:00,61,2020-10-13 13:13:00
YB,14/10/2020,456316,4670799,"18,5","0,7","1,4",50,33,"8,7",2020-10-14 18:02:00,48,2020-10-14 18:02:00
YB,15/10/2020,456316,4670799,0,"0,2",1,280,249,"6,9",2020-10-15 12:34:00,47,2020-10-15 12:34:00
YB,16/10/2020,456316,4670799,0,"0,2","0,8",192,231,"5,8",2020-10-16 14:50:00,124,2020-10-16 14:50:00
YB,17/10/2020,456316,4670799,0,"0,3","0,9",30,278,"5,7",2020-10-17 13:41:00,53,2020-10-17 13:41:00
YB,18/10/2020,456316,4670799,0,"0,3","0,8",23,278,5,2020-10-18 13:47:00,108,2020-10-18 13:47:00
YB,19/10/2020,456316,4670799,0,"1,4","1,9",225,255,"10,4",2020-10-19 16:09:00,249,2020-10-19 16:09:00
YB,20/10/2020,456316,4670799,0,"0,9","1,5",192,203,8,2020-10-20 10:14:00,187,2020-10-20 10:14:00
YB,21/10/2020,456316,4670799,0,"0,4","0,8",238,252,"4,4",2020-10-21 15:10:00,155,2020-10-21 15:10:00
YB,22/10/2020,456316,4670799,"1,5","0,2","1,1",306,291,"4,9",2020-10-22 13:24:00,44,2020-10-22 13:24:00
YB,23/10/2020,456316,4670799,0,"1,5",2,219,238,"9,5",2020-10-23 15:50:00,250,2020-10-23 15:50:00
YB,24/10/2020,456316,4670799,0,0,"0,8",246,242,"4,1",2020-10-24 14:22:00,63,2020-10-24 14:22:00
YB,25/10/2020,456316,4670799,0,"2,1",3,213,222,"13,2",2020-10-25 09:47:00,223,2020-10-25 09:47:00
YB,26/10/2020,456316,4670799,0,"0,4","1,4",88,154,"6,4",2020-10-26 02:46:00,54,2020-10-26 02:46:00
YB,27/10/2020,456316,4670799,0,"0,2","0,7",284,274,4,2020-10-27 16:42:00,264,2020-10-27 16:42:00
YB,28/10/2020,456316,4670799,0,"0,1","0,8",119,250,"5,5",2020-10-28 15:46:00,71,2020-10-28 15:46:00
YB,29/10/2020,456316,4670799,0,"0,3","0,7",214,239,"4,6",2020-10-29 11:43:00,144,2020-10-29 11:43:00
YB,30/10/2020,456316,4670799,0,"0,2","0,6",290,274,"3,6",2020-10-30 16:41:00,271,2020-10-30 16:41:00
YB,31/10/2020,456316,4670799,0,"0,7","1,1",52,299,"5,4",2020-10-31 13:16:00,32,2020-10-31 13:16:00
YB,01/11/2020,456316,4670799,0,"0,4",1,48,279,6,2020-11-01 13:35:00,48,2020-11-01 13:35:00
YB,02/11/2020,456316,4670799,0,"1,2","1,4",56,36,"6,1",2020-11-02 10:13:00,60,2020-11-02 10:13:00
YB,03/11/2020,456316,4670799,"7,4","0,5","1,1",31,355,"5,3",2020-11-03 16:12:00,55,2020-11-03 16:12:00
YB,04/11/2020,456316,4670799,"6,4","0,1","0,5",330,299,3,2020-11-04 02:18:00,63,2020-11-04 02:18:00
YB,05/11/2020,456316,4670799,0,"0,1","0,6",229,248,4,2020-11-05 13:37:00,93,2020-11-05 13:37:00
YB,06/11/2020,456316,4670799,"0,4","0,1","0,5",33,310,"4,1",2020-11-06 23:54:00,60,2020-11-06 23:54:00
YB,07/11/2020,456316,4670799,"21,9","0,1","1,1",56,25,"6,4",2020-11-07 16:15:00,217,2020-11-07 16:15:00
YB,08/11/2020,456316,4670799,"0,1","0,7","1,1",230,245,"6,9",2020-11-08 14:00:00,197,2020-11-08 14:00:00
YB,09/11/2020,456316,4670799,0,"0,6","1,1",48,254,"6,7",2020-11-09 13:46:00,53,2020-11-09 13:46:00
YB,10/11/2020,456316,4670799,"0,1","0,3","0,9",230,255,"5,2",2020-11-10 13:42:00,154,2020-11-10 13:42:00
YB,11/11/2020,456316,4670799,"0,1","0,7",1,228,246,"6,5",2020-11-11 13:28:00,203,2020-11-11 13:28:00
YB,12/11/2020,456316,4670799,0,"0,2","0,6",28,282,"6,2",2020-11-12 15:18:00,57,2020-11-12 15:18:00
YB,13/11/2020,456316,4670799,0,"0,4","0,8",39,281,"6,1",2020-11-13 14:04:00,55,2020-11-13 14:04:00
YB,14/11/2020,456316,4670799,0,"0,9","1,2",214,240,"8,5",2020-11-14 10:46:00,234,2020-11-14 10:46:00
YB,15/11/2020,456316,4670799,0,"0,1",1,84,259,"6,7",2020-11-15 11:49:00,149,2020-11-15 11:49:00
YB,16/11/2020,456316,4670799,0,"0,1","0,8",346,270,"3,7",2020-11-16 13:38:00,53,2020-11-16 13:38:00
YB,17/11/2020,456316,4670799,0,"0,1","0,6",326,270,"3,9",2020-11-17 13:42:00,54,2020-11-17 13:42:00
YB,18/11/2020,456316,4670799,0,"0,2","0,7",33,269,"5,4",2020-11-18 14:21:00,51,2020-11-18 14:21:00
YB,19/11/2020,456316,4670799,0,"0,2","0,9",21,258,"5,1",2020-11-19 12:16:00,53,2020-11-19 12:16:00
YB,20/11/2020,456316,4670799,0,"0,5","1,6",333,262,"11,8",2020-11-20 14:15:00,2,2020-11-20 14:15:00
YB,21/11/2020,456316,4670799,0,0,"0,8",343,263,"3,8",2020-11-21 11:56:00,43,2020-11-21 11:56:00
YB,22/11/2020,456316,4670799,0,"0,1","0,7",336,265,"3,8",2020-11-22 15:23:00,53,2020-11-22 15:23:00
YB,23/11/2020,456316,4670799,0,"0,1","0,7",4,260,"4,5",2020-11-23 14:51:00,48,2020-11-23 14:51:00
YB,24/11/2020,456316,4670799,0,"0,3","0,8",45,249,"5,4",2020-11-24 14:34:00,47,2020-11-24 14:34:00
YB,25/11/2020,456316,4670799,0,"0,8","1,2",221,233,"6,3",2020-11-25 11:45:00,180,2020-11-25 11:45:00
YB,26/11/2020,456316,4670799,"10,6","0,1","0,5",275,247,"3,6",2020-11-26 14:11:00,53,2020-11-26 14:11:00
YB,27/11/2020,456316,4670799,"37,1","0,7","1,3",58,35,"11,4",2020-11-27 20:58:00,57,2020-11-27 20:58:00
YB,28/11/2020,456316,4670799,53,"1,1","1,7",51,30,"11,1",2020-11-28 20:22:00,110,2020-11-28 20:22:00
YB,29/11/2020,456316,4670799,"0,2","0,4","0,6",255,246,"3,8",2020-11-29 16:43:00,271,2020-11-29 16:43:00
YB,30/11/2020,456316,4670799,0,"0,4","0,9",46,272,"5,6",2020-11-30 13:45:00,58,2020-11-30 13:45:00
YB,01/12/2020,456316,4670799,0,"0,1","0,7",299,290,4,2020-12-01 23:29:00,61,2020-12-01 23:29:00
YB,02/12/2020,456316,4670799,0,"0,5","1,3",277,263,"7,9",2020-12-02 13:54:00,304,2020-12-02 13:54:00
YB,03/12/2020,456316,4670799,0,"1,5","2,1",193,223,"13,2",2020-12-03 22:58:00,187,2020-12-03 22:58:00
YB,04/12/2020,456316,4670799,0,"1,3","2,2",173,174,"9,2",2020-12-04 15:48:00,229,2020-12-04 15:48:00
YB,05/12/2020,456316,4670799,0,"0,5","0,9",234,252,"5,2",2020-12-05 14:44:00,230,2020-12-05 14:44:00
YB,06/12/2020,456316,4670799,0,"0,6","0,9",224,238,"5,9",2020-12-06 14:40:00,196,2020-12-06 14:40:00
YB,07/12/2020,456316,4670799,"2,4","0,2","0,7",240,252,"3,7",2020-12-07 13:06:00,355,2020-12-07 13:06:00
YB,08/12/2020,456316,4670799,0,"0,3","0,8",237,243,4,2020-12-08 17:23:00,267,2020-12-08 17:23:00
YB,09/12/2020,456316,4670799,"0,1","0,1","1,1",193,234,"5,7",2020-12-09 14:19:00,58,2020-12-09 14:19:00
YB,10/12/2020,456316,4670799,0,"0,1","0,9",245,250,"4,7",2020-12-10 16:39:00,31,2020-12-10 16:39:00
YB,11/12/2020,456316,4670799,0,"0,1",1,240,234,"8,3",2020-12-11 04:09:00,242,2020-12-11 04:09:00
YB,12/12/2020,456316,4670799,"0,2","0,6","1,3",254,251,"8,8",2020-12-12 11:00:00,247,2020-12-12 11:00:00
YB,13/12/2020,456316,4670799,0,"0,4","0,7",237,240,"2,8",2020-12-13 11:44:00,129,2020-12-13 11:44:00
YB,14/12/2020,456316,4670799,0,"0,1","0,9",88,283,"7,1",2020-12-14 23:11:00,202,2020-12-14 23:11:00
YB,15/12/2020,456316,4670799,0,"1,1","1,6",229,248,"10,7",2020-12-15 11:27:00,246,2020-12-15 11:27:00
YB,16/12/2020,456316,4670799,0,"1,2","1,7",245,256,"10,9",2020-12-16 12:27:00,242,2020-12-16 12:27:00
YB,17/12/2020,456316,4670799,"0,2","0,2","0,7",42,333,"4,4",2020-12-17 15:01:00,56,2020-12-17 15:01:00
YB,18/12/2020,456316,4670799,"3,5",0,"0,4",329,299,"2,3",2020-12-18 01:44:00,169,2020-12-18 01:44:00
YB,19/12/2020,456316,4670799,0,"1,1","1,6",212,233,9,2020-12-19 13:55:00,202,2020-12-19 13:55:00
YB,20/12/2020,456316,4670799,0,"0,2","0,8",265,280,6,2020-12-20 03:41:00,230,2020-12-20 03:41:00
YB,21/12/2020,456316,4670799,0,"0,1","0,8",14,249,"4,9",2020-12-21 15:29:00,47,2020-12-21 15:29:00
YB,22/12/2020,456316,4670799,0,"0,1","0,7",51,255,"4,6",2020-12-22 14:43:00,57,2020-12-22 14:43:00
YB,23/12/2020,456316,4670799,0,"0,9","1,5",64,74,"7,2",2020-12-23 14:33:00,56,2020-12-23 14:33:00
YB,24/12/2020,456316,4670799,0,"0,8","1,3",202,217,"8,3",2020-12-24 10:54:00,229,2020-12-24 10:54:00
YB,25/12/2020,456316,4670799,0,"1,8","2,8",327,305,"17,1",2020-12-25 22:43:00,16,2020-12-25 22:43:00
YB,26/12/2020,456316,4670799,0,"0,8","2,5",315,286,"17,2",2020-12-26 06:01:00,302,2020-12-26 06:01:00
YB,27/12/2020,456316,4670799,0,"0,9","1,6",236,251,"13,7",2020-12-27 20:52:00,319,2020-12-27 20:52:00
YB,28/12/2020,456316,4670799,"0,6","2,1","2,9",208,215,"11,5",2020-12-28 01:35:00,234,2020-12-28 01:35:00
YB,29/12/2020,456316,4670799,0,"0,3","0,9",239,262,"7,6",2020-12-29 16:05:00,42,2020-12-29 16:05:00
YB,30/12/2020,456316,4670799,0,"0,7","1,1",234,240,"7,1",2020-12-30 10:59:00,269,2020-12-30 10:59:00
YB,31/12/2020,456316,4670799,0,"0,7","1,2",218,243,"7,6",2020-12-31 16:49:00,236,2020-12-31 16:49:00
YB,01/01/2021,456316,4670799,0,"0,2","0,7",211,266,"4,5",2021-01-01 14:31:00,149,2021-01-01 14:31:00
YB,02/01/2021,456316,4670799,0,"0,1","0,8",350,305,"5,6",2021-01-02 20:03:00,63,2021-01-02 20:03:00
YB,03/01/2021,456316,4670799,0,"0,3",1,50,291,"5,1",2021-01-03 12:34:00,36,2021-01-03 12:34:00
YB,04/01/2021,456316,4670799,0,"0,3","0,8",92,357,"4,5",2021-01-04 14:30:00,125,2021-01-04 14:30:00
YB,05/01/2021,456316,4670799,0,0,1,168,274,"6,4",2021-01-05 14:27:00,182,2021-01-05 14:27:00
YB,06/01/2021,456316,4670799,0,"0,3",1,25,281,"6,2",2021-01-06 14:51:00,60,2021-01-06 14:51:00
YB,07/01/2021,456316,4670799,0,"0,1","0,7",330,275,4,2021-01-07 15:07:00,40,2021-01-07 15:07:00
YB,08/01/2021,456316,4670799,0,0,"0,6",210,259,"3,8",2021-01-08 15:13:00,58,2021-01-08 15:13:00
YB,09/01/2021,456316,4670799,"25,7",,,,,"4,3",2021-01-09 02:34:00,322,2021-01-09 02:34:00
YB,10/01/2021,456316,4670799,"3,7",,,,,"2,7",2021-01-10 14:34:00,172,2021-01-10 14:34:00
YB,11/01/2021,456316,4670799,0,"0,5","0,6",237,241,"3,5",2021-01-11 16:46:00,236,2021-01-11 16:46:00
YB,12/01/2021,456316,4670799,0,"0,2","0,8",244,245,"3,7",2021-01-12 19:37:00,6,2021-01-12 19:37:00
YB,13/01/2021,456316,4670799,0,"0,5","0,8",237,240,"3,4",2021-01-13 15:57:00,237,2021-01-13 15:57:00
YB,14/01/2021,456316,4670799,0,"0,3","0,7",239,234,"3,3",2021-01-14 22:56:00,332,2021-01-14 22:56:00
YB,15/01/2021,456316,4670799,0,"0,3","1,3",223,219,"4,9",2021-01-15 08:12:00,267,2021-01-15 08:12:00
YB,16/01/2021,456316,4670799,0,"0,2","0,9",243,242,"4,6",2021-01-16 15:12:00,59,2021-01-16 15:12:00
YB,17/01/2021,456316,4670799,0,"0,4",1,242,240,"3,9",2021-01-17 14:12:00,179,2021-01-17 14:12:00
YB,18/01/2021,456316,4670799,0,"0,1","0,6",255,256,"3,2",2021-01-18 15:01:00,40,2021-01-18 15:01:00
YB,19/01/2021,456316,4670799,0,"0,3","0,8",242,250,4,2021-01-19 15:21:00,177,2021-01-19 15:21:00
YB,20/01/2021,456316,4670799,0,"3,5","4,3",215,221,"13,2",2021-01-20 07:19:00,201,2021-01-20 07:19:00
YB,21/01/2021,456316,4670799,0,"2,3","2,8",203,204,"11,9",2021-01-21 15:18:00,200,2021-01-21 15:18:00
YB,22/01/2021,456316,4670799,7,1,"2,5",240,232,"15,8",2021-01-22 04:27:00,274,2021-01-22 04:27:00
YB,23/01/2021,456316,4670799,0,"1,4","2,1",212,223,11,2021-01-23 14:34:00,212,2021-01-23 14:34:00
YB,24/01/2021,456316,4670799,0,"0,8","1,6",45,34,"7,6",2021-01-24 11:35:00,51,2021-01-24 11:35:00
YB,25/01/2021,456316,4670799,0,"0,4","1,1",90,141,"5,1",2021-01-25 18:09:00,87,2021-01-25 18:09:00
YB,26/01/2021,456316,4670799,0,"0,5","1,1",187,235,"6,5",2021-01-26 12:35:00,179,2021-01-26 12:35:00
YB,27/01/2021,456316,4670799,0,"0,1","1,3",5,267,"5,6",2021-01-27 14:56:00,63,2021-01-27 14:56:00
YB,28/01/2021,456316,4670799,0,0,"0,7",0,250,"3,7",2021-01-28 15:46:00,62,2021-01-28 15:46:00
YB,29/01/2021,456316,4670799,0,"0,2","0,9",138,209,"3,9",2021-01-29 15:20:00,154,2021-01-29 15:20:00
YB,30/01/2021,456316,4670799,"7,5","0,3","1,4",238,254,"14,1",2021-01-30 08:14:00,287,2021-01-30 08:14:00
YB,31/01/2021,456316,4670799,0,"0,5",1,235,238,"4,7",2021-01-31 23:08:00,226,2021-01-31 23:08:00
YB,01/02/2021,456316,4670799,0,"0,1","1,2",39,228,"6,6",2021-02-01 15:38:00,66,2021-02-01 15:38:00
YB,02/02/2021,456316,4670799,0,"0,2",1,344,261,5,2021-02-02 14:34:00,46,2021-02-02 14:34:00
YB,03/02/2021,456316,4670799,0,"0,8","1,6",58,278,"6,8",2021-02-03 09:36:00,61,2021-02-03 09:36:00
YB,04/02/2021,456316,4670799,0,"1,1","1,5",52,36,"7,1",2021-02-04 14:00:00,59,2021-02-04 14:00:00
YB,05/02/2021,456316,4670799,0,"0,2","0,9",69,243,"5,6",2021-02-05 16:05:00,51,2021-02-05 16:05:00
YB,06/02/2021,456316,4670799,0,"0,8","1,4",225,233,"7,1",2021-02-06 17:02:00,198,2021-02-06 17:02:00
YB,07/02/2021,456316,4670799,5,"0,6","1,1",55,24,"4,9",2021-02-07 09:53:00,60,2021-02-07 09:53:00
YB,08/02/2021,456316,4670799,"7,8","0,3","0,6",288,280,"5,6",2021-02-08 13:28:00,357,2021-02-08 13:28:00
YB,09/02/2021,456316,4670799,0,"1,5","2,5",222,231,"13,8",2021-02-09 18:52:00,272,2021-02-09 18:52:00
YB,10/02/2021,456316,4670799,0,"0,6","1,2",202,245,"7,7",2021-02-10 00:20:00,204,2021-02-10 00:20:00
YB,11/02/2021,456316,4670799,0,"0,1","0,8",3,268,"4,6",2021-02-11 13:45:00,43,2021-02-11 13:45:00
YB,12/02/2021,456316,4670799,"5,3","0,2",1,52,256,"7,9",2021-02-12 13:39:00,28,2021-02-12 13:39:00
YB,13/02/2021,456316,4670799,"1,8","0,6","1,4",71,79,"5,6",2021-02-13 12:55:00,60,2021-02-13 12:55:00
YB,14/02/2021,456316,4670799,"5,1","0,8","1,2",73,71,"4,8",2021-02-14 01:33:00,135,2021-02-14 01:33:00
YB,15/02/2021,456316,4670799,"0,1","0,7","1,4",56,53,"6,5",2021-02-15 03:28:00,246,2021-02-15 03:28:00
YB,16/02/2021,456316,4670799,0,"0,5","1,3",48,288,"7,1",2021-02-16 16:42:00,44,2021-02-16 16:42:00
YB,17/02/2021,456316,4670799,0,"0,6","1,5",213,252,"8,5",2021-02-17 23:38:00,216,2021-02-17 23:38:00
YB,18/02/2021,456316,4670799,0,"0,9","2,1",41,18,"8,1",2021-02-18 14:41:00,60,2021-02-18 14:41:00
YB,19/02/2021,456316,4670799,0,"0,9",2,25,339,"9,5",2021-02-19 13:21:00,61,2021-02-19 13:21:00
YB,20/02/2021,456316,4670799,0,"0,9","2,2",205,227,"10,5",2021-02-20 10:17:00,203,2021-02-20 10:17:00
YB,21/02/2021,456316,4670799,"4,5","1,3",2,30,11,"7,8",2021-02-21 14:36:00,56,2021-02-21 14:36:00
YB,22/02/2021,456316,4670799,"18,3","1,4","1,7",66,62,"6,3",2021-02-22 02:24:00,30,2021-02-22 02:24:00
YB,23/02/2021,456316,4670799,1,"0,2","0,7",301,283,"5,1",2021-02-23 16:19:00,46,2021-02-23 16:19:00
YB,24/02/2021,456316,4670799,0,"0,7","1,3",236,276,"8,7",2021-02-24 14:04:00,199,2021-02-24 14:04:00
YB,25/02/2021,456316,4670799,0,1,"1,3",54,50,"6,2",2021-02-25 15:01:00,50,2021-02-25 15:01:00
YB,26/02/2021,456316,4670799,0,"0,5","1,2",287,285,"4,5",2021-02-26 14:14:00,30,2021-02-26 14:14:00
YB,27/02/2021,456316,4670799,0,"0,5","1,4",78,222,"7,2",2021-02-27 16:06:00,132,2021-02-27 16:06:00
YB,28/02/2021,456316,4670799,0,"0,5","1,2",94,95,"5,2",2021-02-28 16:11:00,53,2021-02-28 16:11:00
YB,01/03/2021,456316,4670799,0,"0,3",1,86,304,"5,2",2021-03-01 11:24:00,117,2021-03-01 11:24:00
YB,02/03/2021,456316,4670799,0,"0,4","0,8",19,343,"4,8",2021-03-02 15:44:00,33,2021-03-02 15:44:00
YB,03/03/2021,456316,4670799,0,"0,2","0,8",61,334,"3,7",2021-03-03 15:57:00,129,2021-03-03 15:57:00
YB,04/03/2021,456316,4670799,0,"0,5","0,9",39,337,"5,5",2021-03-04 13:51:00,53,2021-03-04 13:51:00
YB,05/03/2021,456316,4670799,"9,7","0,1","0,8",252,262,"5,8",2021-03-05 13:26:00,37,2021-03-05 13:26:00
YB,06/03/2021,456316,4670799,"2,3","0,6","0,9",41,27,"3,6",2021-03-06 14:03:00,59,2021-03-06 14:03:00
YB,07/03/2021,456316,4670799,"3,1","0,2","0,6",41,317,"3,7",2021-03-07 16:03:00,46,2021-03-07 16:03:00
YB,08/03/2021,456316,4670799,"0,1","0,8","1,2",226,245,"6,1",2021-03-08 14:38:00,155,2021-03-08 14:38:00
YB,09/03/2021,456316,4670799,"2,2","0,2",1,193,259,"7,6",2021-03-09 15:08:00,176,2021-03-09 15:08:00
YB,10/03/2021,456316,4670799,0,"0,4","1,1",29,299,6,2021-03-10 15:07:00,62,2021-03-10 15:07:00
YB,11/03/2021,456316,4670799,0,"0,2","1,1",44,280,"6,4",2021-03-11 15:06:00,51,2021-03-11 15:06:00
YB,12/03/2021,456316,4670799,"9,2","0,4","1,1",34,341,"5,2",2021-03-12 11:05:00,56,2021-03-12 11:05:00
YB,13/03/2021,456316,4670799,0,"0,1","1,1",75,261,"7,3",2021-03-13 16:13:00,55,2021-03-13 16:13:00
YB,14/03/2021,456316,4670799,0,"0,1",1,104,264,"6,4",2021-03-14 10:47:00,34,2021-03-14 10:47:00
YB,15/03/2021,456316,4670799,0,"0,4","1,4",37,272,"7,3",2021-03-15 11:23:00,51,2021-03-15 11:23:00
YB,16/03/2021,456316,4670799,0,"0,1","1,2",307,248,"7,1",2021-03-16 19:52:00,309,2021-03-16 19:52:00
YB,17/03/2021,456316,4670799,0,"0,6","2,1",29,310,"12,5",2021-03-17 14:32:00,320,2021-03-17 14:32:00
YB,18/03/2021,456316,4670799,"0,3","0,5","1,8",143,218,"10,8",2021-03-18 00:33:00,68,2021-03-18 00:33:00
YB,19/03/2021,456316,4670799,0,"0,8","1,8",54,348,"9,3",2021-03-19 16:36:00,46,2021-03-19 16:36:00
YB,20/03/2021,456316,4670799,0,"0,4","1,8",109,249,"9,8",2021-03-20 12:01:00,62,2021-03-20 12:01:00
YB,21/03/2021,456316,4670799,0,"0,4","1,8",233,239,11,2021-03-21 22:10:00,333,2021-03-21 22:10:00
YB,22/03/2021,456316,4670799,0,"0,4","1,9",339,309,"9,5",2021-03-22 01:32:00,295,2021-03-22 01:32:00
YB,23/03/2021,456316,4670799,0,"0,6","1,2",65,341,"7,5",2021-03-23 14:00:00,71,2021-03-23 14:00:00
YB,24/03/2021,456316,4670799,0,"0,5","1,2",34,295,"7,4",2021-03-24 13:35:00,33,2021-03-24 13:35:00
YB,25/03/2021,456316,4670799,0,"0,9","1,5",39,312,"8,6",2021-03-25 13:42:00,22,2021-03-25 13:42:00
YB,26/03/2021,456316,4670799,0,"1,1","1,6",56,34,"8,3",2021-03-26 16:23:00,48,2021-03-26 16:23:00
YB,27/03/2021,456316,4670799,0,"0,5","1,3",33,359,"7,2",2021-03-27 14:38:00,20,2021-03-27 14:38:00
YB,28/03/2021,456316,4670799,0,"0,9","1,5",38,336,"7,2",2021-03-28 14:55:00,19,2021-03-28 14:55:00
YB,29/03/2021,456316,4670799,0,"1,2","1,7",34,333,9,2021-03-29 13:53:00,29,2021-03-29 13:53:00
YB,30/03/2021,456316,4670799,0,"1,2","1,8",36,332,"8,6",2021-03-30 13:06:00,35,2021-03-30 13:06:00
YB,31/03/2021,456316,4670799,0,1,"1,5",27,322,8,2021-03-31 14:36:00,34,2021-03-31 14:36:00
YB,01/04/2021,456316,4670799,0,"1,3","1,8",44,346,9,2021-04-01 12:58:00,53,2021-04-01 12:58:00
YB,02/04/2021,456316,4670799,0,"0,8","1,5",53,328,7,2021-04-02 13:59:00,52,2021-04-02 13:59:00
YB,03/04/2021,456316,4670799,0,"0,4","1,3",156,241,"8,5",2021-04-03 13:27:00,159,2021-04-03 13:27:00
YB,04/04/2021,456316,4670799,0,"0,5","1,4",111,277,"6,9",2021-04-04 12:37:00,158,2021-04-04 12:37:00
YB,05/04/2021,456316,4670799,0,"0,4",1,76,311,"7,2",2021-04-05 14:43:00,41,2021-04-05 14:43:00
YB,06/04/2021,456316,4670799,"2,6","1,2","1,7",45,29,"6,8",2021-04-06 11:55:00,44,2021-04-06 11:55:00
YB,07/04/2021,456316,4670799,0,"0,4",1,189,256,"5,8",2021-04-07 16:06:00,199,2021-04-07 16:06:00
YB,08/04/2021,456316,4670799,0,1,"1,9",166,188,"8,8",2021-04-08 12:13:00,177,2021-04-08 12:13:00
YB,09/04/2021,456316,4670799,0,"1,2","1,7",173,204,"9,4",2021-04-09 13:48:00,207,2021-04-09 13:48:00
YB,10/04/2021,456316,4670799,0,"0,5","1,1",57,44,"4,8",2021-04-10 00:36:00,215,2021-04-10 00:36:00
YB,11/04/2021,456316,4670799,"26,2","0,3","1,2",123,123,"8,1",2021-04-11 09:06:00,183,2021-04-11 09:06:00
YB,12/04/2021,456316,4670799,"1,5","0,7","1,5",166,176,"6,3",2021-04-12 17:38:00,167,2021-04-12 17:38:00
YB,13/04/2021,456316,4670799,0,"0,5","1,1",61,4,"5,6",2021-04-13 14:41:00,47,2021-04-13 14:41:00
YB,14/04/2021,456316,4670799,"0,1","0,3","1,3",78,275,"6,8",2021-04-14 13:15:00,134,2021-04-14 13:15:00
YB,15/04/2021,456316,4670799,0,"0,7","1,2",51,28,5,2021-04-15 13:38:00,58,2021-04-15 13:38:00
YB,16/04/2021,456316,4670799,0,"0,8","1,2",256,259,6,2021-04-16 13:52:00,270,2021-04-16 13:52:00
YB,17/04/2021,456316,4670799,0,"0,3","1,2",190,222,"6,7",2021-04-17 10:20:00,75,2021-04-17 10:20:00
YB,18/04/2021,456316,4670799,0,"0,7","1,2",209,232,"6,6",2021-04-18 10:48:00,242,2021-04-18 10:48:00
YB,19/04/2021,456316,4670799,0,"0,4","1,2",100,284,"7,5",2021-04-19 15:20:00,90,2021-04-19 15:20:00
YB,20/04/2021,456316,4670799,"0,5","0,6",1,206,242,"6,1",2021-04-20 12:31:00,184,2021-04-20 12:31:00
YB,21/04/2021,456316,4670799,"3,7","0,7","1,1",42,14,"4,4",2021-04-21 14:40:00,59,2021-04-21 14:40:00
YB,22/04/2021,456316,4670799,0,"0,1","0,9",63,297,"4,7",2021-04-22 14:53:00,57,2021-04-22 14:53:00
YB,23/04/2021,456316,4670799,0,"0,5","1,2",128,219,"6,8",2021-04-23 15:24:00,136,2021-04-23 15:24:00
YB,24/04/2021,456316,4670799,0,"0,7","1,3",143,209,"7,2",2021-04-24 15:20:00,168,2021-04-24 15:20:00
YB,25/04/2021,456316,4670799,0,"0,2","1,2",158,281,"6,1",2021-04-25 16:56:00,153,2021-04-25 16:56:00
YB,26/04/2021,456316,4670799,"9,6","0,3",1,291,285,"5,7",2021-04-26 11:23:00,98,2021-04-26 11:23:00
YB,27/04/2021,456316,4670799,"0,6","0,6",1,56,25,"5,9",2021-04-27 15:46:00,164,2021-04-27 15:46:00
YB,28/04/2021,456316,4670799,5,"0,7","1,2",56,38,"6,4",2021-04-28 15:05:00,350,2021-04-28 15:05:00
YB,29/04/2021,456316,4670799,"21,6","0,9","1,3",52,43,"8,7",2021-04-29 14:50:00,41,2021-04-29 14:50:00
YB,30/04/2021,456316,4670799,9,"0,9","1,3",53,29,"6,1",2021-04-30 11:20:00,27,2021-04-30 11:20:00
YB,01/05/2021,456316,4670799,"25,5","0,8",1,51,31,"4,9",2021-05-01 15:17:00,36,2021-05-01 15:17:00
YB,02/05/2021,456316,4670799,"0,7","0,5",1,32,320,"8,3",2021-05-02 12:17:00,36,2021-05-02 12:17:00
YB,03/05/2021,456316,4670799,0,"0,2","1,1",63,301,"7,3",2021-05-03 12:51:00,140,2021-05-03 12:51:00
YB,04/05/2021,456316,4670799,0,"0,1","1,2",104,260,"8,4",2021-05-04 12:07:00,100,2021-05-04 12:07:00
YB,05/05/2021,456316,4670799,0,"0,9","1,5",53,34,"7,2",2021-05-05 09:53:00,60,2021-05-05 09:53:00
YB,06/05/2021,456316,4670799,0,"0,8","1,7",200,215,"10,3",2021-05-06 13:54:00,255,2021-05-06 13:54:00
YB,07/05/2021,456316,4670799,"7,3","0,4",1,37,312,"5,3",2021-05-07 12:23:00,60,2021-05-07 12:23:00
YB,08/05/2021,456316,4670799,0,"1,6","2,1",212,235,10,2021-05-08 11:51:00,203,2021-05-08 11:51:00
YB,09/05/2021,456316,4670799,"4,4","0,8","1,7",47,18,"7,1",2021-05-09 14:53:00,41,2021-05-09 14:53:00
YB,10/05/2021,456316,4670799,"2,5","0,5","1,4",213,248,"7,4",2021-05-10 14:48:00,173,2021-05-10 14:48:00
YB,11/05/2021,456316,4670799,"1,5","0,2","1,4",213,256,"8,9",2021-05-11 10:30:00,229,2021-05-11 10:30:00
YB,12/05/2021,456316,4670799,0,1,"1,9",204,236,"11,8",2021-05-12 13:49:00,183,2021-05-12 13:49:00
YB,13/05/2021,456316,4670799,0,"0,6","1,5",60,26,"7,4",2021-05-13 16:01:00,70,2021-05-13 16:01:00
YB,14/05/2021,456316,4670799,"0,1","0,5","1,4",211,244,"6,8",2021-05-14 13:52:00,190,2021-05-14 13:52:00
YB,15/05/2021,456316,4670799,0,"0,3","1,5",217,255,"8,4",2021-05-15 14:24:00,58,2021-05-15 14:24:00
YB,16/05/2021,456316,4670799,"5,5","0,4",1,36,1,"6,4",2021-05-16 14:09:00,93,2021-05-16 14:09:00
YB,17/05/2021,456316,4670799,0,1,"1,5",55,40,"5,7",2021-05-17 10:19:00,19,2021-05-17 10:19:00
YB,18/05/2021,456316,4670799,0,"1,2","2,2",181,176,"11,4",2021-05-18 09:37:00,218,2021-05-18 09:37:00
YB,19/05/2021,456316,4670799,"0,9","0,6","1,3",31,12,"5,3",2021-05-19 11:37:00,348,2021-05-19 11:37:00
YB,20/05/2021,456316,4670799,"0,1","0,6","1,3",50,25,"6,4",2021-05-20 12:38:00,132,2021-05-20 12:38:00
YB,21/05/2021,456316,4670799,0,"1,5","2,3",191,200,"10,7",2021-05-21 10:53:00,215,2021-05-21 10:53:00
YB,22/05/2021,456316,4670799,0,"1,3","1,9",60,54,"7,1",2021-05-22 12:53:00,50,2021-05-22 12:53:00
YB,23/05/2021,456316,4670799,0,"0,5","1,2",48,354,"5,7",2021-05-23 18:41:00,51,2021-05-23 18:41:00
YB,24/05/2021,456316,4670799,0,"0,4","1,2",93,259,8,2021-05-24 14:17:00,55,2021-05-24 14:17:00
YB,25/05/2021,456316,4670799,0,"0,9","1,5",52,30,"7,3",2021-05-25 10:21:00,66,2021-05-25 10:21:00
YB,26/05/2021,456316,4670799,0,"0,4","1,1",47,333,"6,4",2021-05-26 14:45:00,84,2021-05-26 14:45:00
YB,27/05/2021,456316,4670799,0,"0,3","1,4",74,272,"7,9",2021-05-27 15:21:00,57,2021-05-27 15:21:00
YB,28/05/2021,456316,4670799,0,"0,5","1,4",73,314,"6,9",2021-05-28 13:43:00,67,2021-05-28 13:43:00
YB,29/05/2021,456316,4670799,"9,8","0,5","1,1",302,283,"11,6",2021-05-29 12:17:00,320,2021-05-29 12:17:00
YB,30/05/2021,456316,4670799,"20,6","0,3",1,275,263,"8,5",2021-05-30 13:10:00,53,2021-05-30 13:10:00
YB,31/05/2021,456316,4670799,0,"0,4","1,2",70,303,"5,8",2021-05-31 14:31:00,57,2021-05-31 14:31:00
YB,01/06/2021,456316,4670799,"2,8","0,4","1,4",159,270,"7,9",2021-06-01 12:43:00,131,2021-06-01 12:43:00
YB,02/06/2021,456316,4670799,"5,1",1,"1,6",57,46,"7,6",2021-06-02 13:45:00,50,2021-06-02 13:45:00
YB,03/06/2021,456316,4670799,0,"0,5","1,4",45,10,"6,2",2021-06-03 13:31:00,40,2021-06-03 13:31:00
YB,04/06/2021,456316,4670799,"0,2","0,4","1,2",131,220,"6,3",2021-06-04 18:23:00,68,2021-06-04 18:23:00
YB,05/06/2021,456316,4670799,0,"0,4","1,1",52,330,"6,4",2021-06-05 13:13:00,124,2021-06-05 13:13:00
YB,06/06/2021,456316,4670799,"9,4","0,3","0,9",328,308,"5,7",2021-06-06 11:13:00,27,2021-06-06 11:13:00
YB,07/06/2021,456316,4670799,"10,5","0,3","0,9",258,272,"5,9",2021-06-07 14:22:00,2,2021-06-07 14:22:00
YB,08/06/2021,456316,4670799,0,"0,2",1,235,267,"5,2",2021-06-08 15:10:00,76,2021-06-08 15:10:00
YB,09/06/2021,456316,4670799,0,"0,4","1,1",275,279,"6,1",2021-06-09 13:01:00,271,2021-06-09 13:01:00
YB,10/06/2021,456316,4670799,"4,9","0,3","0,9",277,280,"6,3",2021-06-10 11:47:00,191,2021-06-10 11:47:00
YB,11/06/2021,456316,4670799,"1,6","0,3","1,1",277,279,"9,8",2021-06-11 12:02:00,312,2021-06-11 12:02:00
YB,12/06/2021,456316,4670799,"0,1","0,2",1,278,287,"5,2",2021-06-12 15:47:00,129,2021-06-12 15:47:00
YB,13/06/2021,456316,4670799,0,"0,4","0,9",275,287,5,2021-06-13 15:39:00,134,2021-06-13 15:39:00
YB,14/06/2021,456316,4670799,0,"0,4","1,1",347,312,9,2021-06-14 14:42:00,56,2021-06-14 14:42:00
YB,15/06/2021,456316,4670799,0,"0,2","1,1",289,272,"9,5",2021-06-15 14:28:00,44,2021-06-15 14:28:00
YB,16/06/2021,456316,4670799,0,"0,3","1,3",122,266,"6,5",2021-06-16 11:18:00,59,2021-06-16 11:18:00
YB,17/06/2021,456316,4670799,"1,1","0,2",1,317,293,"5,2",2021-06-17 17:41:00,334,2021-06-17 17:41:00
YB,18/06/2021,456316,4670799,0,"0,6","1,5",58,357,"8,1",2021-06-18 12:29:00,54,2021-06-18 12:29:00
YB,19/06/2021,456316,4670799,"0,3","0,5","1,4",326,307,"8,4",2021-06-19 18:25:00,283,2021-06-19 18:25:00
YB,20/06/2021,456316,4670799,"3,9","1,2","1,9",241,256,"8,8",2021-06-20 09:31:00,268,2021-06-20 09:31:00
YB,21/06/2021,456316,4670799,0,"2,3","2,8",238,245,"10,9",2021-06-21 10:58:00,241,2021-06-21 10:58:00
YB,22/06/2021,456316,4670799,0,"0,4","1,6",187,243,"7,6",2021-06-22 11:20:00,211,2021-06-22 11:20:00
YB,23/06/2021,456316,4670799,0,"0,7","1,3",234,252,"7,4",2021-06-23 09:34:00,177,2021-06-23 09:34:00
YB,24/06/2021,456316,4670799,0,"0,6","1,4",90,33,"7,6",2021-06-24 13:36:00,60,2021-06-24 13:36:00
YB,25/06/2021,456316,4670799,0,"0,6","1,2",69,35,"7,5",2021-06-25 14:18:00,41,2021-06-25 14:18:00
YB,26/06/2021,456316,4670799,0,"0,5","1,4",214,250,"6,7",2021-06-26 17:54:00,162,2021-06-26 17:54:00
YB,27/06/2021,456316,4670799,0,"1,4","1,9",239,253,"8,7",2021-06-27 13:37:00,186,2021-06-27 13:37:00
YB,28/06/2021,456316,4670799,0,"0,4","1,4",114,283,"8,6",2021-06-28 12:58:00,151,2021-06-28 12:58:00
YB,29/06/2021,456316,4670799,0,"0,6","1,7",134,175,"10,3",2021-06-29 10:49:00,253,2021-06-29 10:49:00
YB,30/06/2021,456316,4670799,"1,2",1,"1,6",54,16,"7,8",2021-06-30 15:14:00,34,2021-06-30 15:14:00
YB,01/07/2021,456316,4670799,0,"0,5","1,2",52,326,"6,5",2021-07-01 11:47:00,52,2021-07-01 11:47:00
YB,02/07/2021,456316,4670799,0,"0,3","1,4",70,313,"7,8",2021-07-02 15:28:00,42,2021-07-02 15:28:00
YB,03/07/2021,456316,4670799,0,"0,6","1,5",85,19,8,2021-07-03 11:29:00,54,2021-07-03 11:29:00
YB,04/07/2021,456316,4670799,0,"0,2","1,2",110,271,"6,5",2021-07-04 11:16:00,70,2021-07-04 11:16:00
YB,05/07/2021,456316,4670799,0,"1,1","1,7",222,244,9,2021-07-05 11:12:00,229,2021-07-05 11:12:00
YB,06/07/2021,456316,4670799,"0,8","0,6","1,3",86,83,"6,6",2021-07-06 14:49:00,47,2021-07-06 14:49:00
YB,07/07/2021,456316,4670799,"0,7","0,5","1,5",137,196,"8,8",2021-07-07 16:23:00,53,2021-07-07 16:23:00
YB,08/07/2021,456316,4670799,"0,1","0,6","1,5",108,158,"10,7",2021-07-08 12:36:00,54,2021-07-08 12:36:00
YB,09/07/2021,456316,4670799,0,"0,4","1,4",92,221,"7,9",2021-07-09 15:39:00,65,2021-07-09 15:39:00
YB,10/07/2021,456316,4670799,0,"0,3","1,5",163,221,"9,3",2021-07-10 15:19:00,50,2021-07-10 15:19:00
YB,11/07/2021,456316,4670799,"0,1","0,6","1,9",23,350,"16,1",2021-07-11 22:08:00,277,2021-07-11 22:08:00
YB,12/07/2021,456316,4670799,"3,8","0,8","1,7",62,29,7,2021-07-12 11:11:00,40,2021-07-12 11:11:00
YB,13/07/2021,456316,4670799,"0,1","0,4","1,3",93,309,"6,5",2021-07-13 17:14:00,97,2021-07-13 17:14:00
YB,14/07/2021,456316,4670799,0,"0,2","1,3",109,263,"8,7",2021-07-14 13:50:00,57,2021-07-14 13:50:00
YB,15/07/2021,456316,4670799,0,"0,5","1,2",102,161,"6,7",2021-07-15 14:19:00,63,2021-07-15 14:19:00
YB,16/07/2021,456316,4670799,0,"0,5","1,2",148,196,"6,8",2021-07-16 15:34:00,123,2021-07-16 15:34:00
YB,17/07/2021,456316,4670799,0,"0,3","1,3",178,245,"8,3",2021-07-17 14:49:00,139,2021-07-17 14:49:00
YB,18/07/2021,456316,4670799,0,"0,5","1,3",208,249,"6,1",2021-07-18 14:12:00,136,2021-07-18 14:12:00
YB,19/07/2021,456316,4670799,0,"0,5","1,4",67,4,"9,2",2021-07-19 13:59:00,88,2021-07-19 13:59:00
YB,20/07/2021,456316,4670799,0,1,"1,7",37,356,"8,5",2021-07-20 12:28:00,30,2021-07-20 12:28:00
YB,21/07/2021,456316,4670799,"0,6","0,3","1,3",67,288,"7,8",2021-07-21 14:34:00,53,2021-07-21 14:34:00
YB,22/07/2021,456316,4670799,0,1,"1,7",31,332,"8,2",2021-07-22 12:25:00,68,2021-07-22 12:25:00
YB,23/07/2021,456316,4670799,0,"1,4",2,223,238,10,2021-07-23 10:46:00,225,2021-07-23 10:46:00
YB,24/07/2021,456316,4670799,0,"0,7","1,6",73,332,"8,4",2021-07-24 14:32:00,80,2021-07-24 14:32:00
YB,25/07/2021,456316,4670799,"5,5","0,4","1,3",56,300,9,2021-07-25 11:19:00,9,2021-07-25 11:19:00
YB,26/07/2021,456316,4670799,"4,5","0,3","1,2",96,15,"7,4",2021-07-26 14:50:00,99,2021-07-26 14:50:00
YB,27/07/2021,456316,4670799,0,"0,5","1,4",245,276,"9,4",2021-07-27 16:30:00,71,2021-07-27 16:30:00
YB,28/07/2021,456316,4670799,0,"0,6","1,3",84,70,"6,3",2021-07-28 15:51:00,106,2021-07-28 15:51:00
YB,29/07/2021,456316,4670799,0,"0,1","1,6",11,321,9,2021-07-29 12:38:00,272,2021-07-29 12:38:00
YB,30/07/2021,456316,4670799,"1,1","0,6","1,6",63,324,"9,2",2021-07-30 12:42:00,46,2021-07-30 12:42:00
YB,31/07/2021,456316,4670799,"17,7","0,5","1,2",45,349,"10,9",2021-07-31 20:19:00,330,2021-07-31 20:19:00
YB,01/08/2021,456316,4670799,"0,1","0,5","1,6",72,18,8,2021-08-01 11:55:00,58,2021-08-01 11:55:00
YB,02/08/2021,456316,4670799,"50,9","0,3","1,2",64,278,"7,3",2021-08-02 12:02:00,185,2021-08-02 12:02:00
YB,03/08/2021,456316,4670799,"0,1","0,5","1,6",209,243,"9,1",2021-08-03 15:04:00,209,2021-08-03 15:04:00
YB,04/08/2021,456316,4670799,"27,1","0,1",1,330,272,"7,4",2021-08-04 13:36:00,58,2021-08-04 13:36:00
YB,05/08/2021,456316,4670799,"0,1","1,1","1,5",54,18,"6,8",2021-08-05 14:04:00,48,2021-08-05 14:04:00
YB,06/08/2021,456316,4670799,0,"0,6","1,2",53,335,"6,5",2021-08-06 13:03:00,42,2021-08-06 13:03:00
YB,07/08/2021,456316,4670799,0,"0,8","1,4",72,40,"6,1",2021-08-07 12:18:00,80,2021-08-07 12:18:00
YB,08/08/2021,456316,4670799,0,"0,5","1,3",87,315,"7,5",2021-08-08 11:49:00,45,2021-08-08 11:49:00
YB,09/08/2021,456316,4670799,0,"0,7","1,3",35,331,"6,8",2021-08-09 13:10:00,33,2021-08-09 13:10:00
YB,10/08/2021,456316,4670799,0,"0,2","0,9",239,271,"4,1",2021-08-10 13:59:00,146,2021-08-10 13:59:00
YB,11/08/2021,456316,4670799,0,"0,2","1,1",69,290,"6,2",2021-08-11 15:05:00,33,2021-08-11 15:05:00
YB,12/08/2021,456316,4670799,0,"0,2","1,3",99,5,"6,3",2021-08-12 15:41:00,78,2021-08-12 15:41:00
YB,13/08/2021,456316,4670799,0,"0,1","1,1",65,281,"6,1",2021-08-13 14:38:00,111,2021-08-13 14:38:00
YB,14/08/2021,456316,4670799,"0,7","0,4","1,3",17,314,"9,3",2021-08-14 17:41:00,359,2021-08-14 17:41:00
YB,15/08/2021,456316,4670799,0,"0,5","1,3",47,344,"6,8",2021-08-15 15:35:00,42,2021-08-15 15:35:00
YB,16/08/2021,456316,4670799,0,"0,6","1,3",103,109,"7,1",2021-08-16 13:20:00,79,2021-08-16 13:20:00
YB,17/08/2021,456316,4670799,0,"0,4","1,2",104,351,"6,4",2021-08-17 15:36:00,133,2021-08-17 15:36:00
YB,18/08/2021,456316,4670799,0,"0,4","1,1",105,252,"6,4",2021-08-18 15:25:00,110,2021-08-18 15:25:00
YB,19/08/2021,456316,4670799,"11,3","0,1","1,4",289,294,"11,7",2021-08-19 14:37:00,263,2021-08-19 14:37:00
YB,20/08/2021,456316,4670799,0,"0,3","1,1",39,315,"7,1",2021-08-20 11:59:00,51,2021-08-20 11:59:00
YB,21/08/2021,456316,4670799,"0,4","0,4","1,1",79,267,"7,9",2021-08-21 13:55:00,51,2021-08-21 13:55:00
YB,22/08/2021,456316,4670799,0,"0,6","1,2",90,142,"8,2",2021-08-22 15:35:00,57,2021-08-22 15:35:00
YB,23/08/2021,456316,4670799,"0,3","0,3","0,8",40,9,"5,2",2021-08-23 17:04:00,53,2021-08-23 17:04:00
YB,24/08/2021,456316,4670799,"4,6","0,2",1,357,294,"4,8",2021-08-24 09:44:00,59,2021-08-24 09:44:00
YB,25/08/2021,456316,4670799,"52,8","0,1","1,1",251,268,"20,1",2021-08-25 15:28:00,142,2021-08-25 15:28:00
YB,26/08/2021,456316,4670799,0,"0,3","0,9",232,264,6,2021-08-26 15:25:00,77,2021-08-26 15:25:00
YB,27/08/2021,456316,4670799,0,"0,3","0,9",123,242,8,2021-08-27 15:00:00,50,2021-08-27 15:00:00
YB,28/08/2021,456316,4670799,0,"0,4",1,139,209,"6,6",2021-08-28 14:12:00,85,2021-08-28 14:12:00
YB,29/08/2021,456316,4670799,0,"0,3","1,1",130,252,"7,6",2021-08-29 13:45:00,84,2021-08-29 13:45:00
YB,30/08/2021,456316,4670799,"9,8","0,1","0,9",263,271,"6,3",2021-08-30 13:08:00,148,2021-08-30 13:08:00
YB,31/08/2021,456316,4670799,"11,2","0,1","0,9",339,285,"8,7",2021-08-31 14:31:00,51,2021-08-31 14:31:00
YB,01/09/2021,456316,4670799,"0,1","0,3","0,7",250,263,"3,5",2021-09-01 15:16:00,198,2021-09-01 15:16:00
YB,02/09/2021,456316,4670799,0,"0,3","0,6",279,281,"2,9",2021-09-02 09:20:00,264,2021-09-02 09:20:00
YB,03/09/2021,456316,4670799,"19,4",0,"0,9",355,264,15,2021-09-03 13:52:00,5,2021-09-03 13:52:00
YB,04/09/2021,456316,4670799,0,"0,1","0,9",253,266,"5,9",2021-09-04 11:50:00,37,2021-09-04 11:50:00
YB,05/09/2021,456316,4670799,"0,4","0,2",1,46,293,"6,5",2021-09-05 15:38:00,63,2021-09-05 15:38:00
YB,06/09/2021,456316,4670799,1,"0,3","1,2",40,278,"6,1",2021-09-06 11:51:00,36,2021-09-06 11:51:00
YB,07/09/2021,456316,4670799,"0,1","0,3","0,8",259,279,"5,2",2021-09-07 13:36:00,178,2021-09-07 13:36:00
YB,08/09/2021,456316,4670799,0,"0,8","1,4",144,216,"8,9",2021-09-08 12:54:00,148,2021-09-08 12:54:00
YB,09/09/2021,456316,4670799,"3,7","0,2",1,110,312,"5,7",2021-09-09 15:46:00,117,2021-09-09 15:46:00
YB,10/09/2021,456316,4670799,"9,2","0,2",1,303,283,"8,6",2021-09-10 11:57:00,85,2021-09-10 11:57:00
YB,11/09/2021,456316,4670799,"4,1","0,5","1,1",208,246,"6,5",2021-09-11 11:03:00,159,2021-09-11 11:03:00
YB,12/09/2021,456316,4670799,"5,6","0,2","0,8",251,249,"7,3",2021-09-12 15:57:00,68,2021-09-12 15:57:00
YB,13/09/2021,456316,4670799,"0,1","0,7","1,1",229,253,"6,9",2021-09-13 13:11:00,236,2021-09-13 13:11:00
YB,14/09/2021,456316,4670799,"0,1","0,3","1,2",247,281,"9,7",2021-09-14 15:32:00,304,2021-09-14 15:32:00
YB,15/09/2021,456316,4670799,"0,1","0,8","1,2",242,254,"6,3",2021-09-15 14:12:00,228,2021-09-15 14:12:00
YB,16/09/2021,456316,4670799,"8,8","0,4","1,1",292,271,"5,3",2021-09-16 14:51:00,3,2021-09-16 14:51:00
YB,17/09/2021,456316,4670799,0,"0,4","1,2",206,255,"7,3",2021-09-17 12:06:00,171,2021-09-17 12:06:00
YB,18/09/2021,456316,4670799,33,"0,3","0,9",41,348,"6,7",2021-09-18 18:06:00,340,2021-09-18 18:06:00
YB,19/09/2021,456316,4670799,"0,1","0,2",1,34,296,"7,3",2021-09-19 13:46:00,57,2021-09-19 13:46:00
YB,20/09/2021,456316,4670799,38,0,"0,8",309,267,6,2021-09-20 12:01:00,131,2021-09-20 12:01:00
YB,21/09/2021,456316,4670799,"0,1","0,3","0,6",284,290,"3,5",2021-09-21 16:27:00,35,2021-09-21 16:27:00
YB,22/09/2021,456316,4670799,0,"0,2","0,9",148,232,"5,4",2021-09-22 14:09:00,108,2021-09-22 14:09:00
YB,23/09/2021,456316,4670799,0,"0,3","0,8",228,251,"3,6",2021-09-23 17:58:00,272,2021-09-23 17:58:00
YB,24/09/2021,456316,4670799,0,"0,2","0,6",300,291,"3,8",2021-09-24 15:57:00,55,2021-09-24 15:57:00
YB,25/09/2021,456316,4670799,0,1,"1,4",234,245,"6,8",2021-09-25 13:10:00,219,2021-09-25 13:10:00
YB,26/09/2021,456316,4670799,0,"0,4","1,2",77,297,"6,4",2021-09-26 13:58:00,96,2021-09-26 13:58:00
YB,27/09/2021,456316,4670799,0,"0,1","0,9",106,253,"5,3",2021-09-27 12:56:00,77,2021-09-27 12:56:00
YB,28/09/2021,456316,4670799,0,"0,2","1,1",189,278,"7,3",2021-09-28 13:04:00,217,2021-09-28 13:04:00
YB,29/09/2021,456316,4670799,"13,4","0,3",1,26,282,"7,9",2021-09-29 11:18:00,46,2021-09-29 11:18:00
YB,30/09/2021,456316,4670799,0,"0,2","0,8",82,39,"4,7",2021-09-30 15:48:00,92,2021-09-30 15:48:00
YB,01/10/2021,456316,4670799,0,"0,6","1,2",33,355,"5,8",2021-10-01 13:30:00,37,2021-10-01 13:30:00
YB,02/10/2021,456316,4670799,0,"1,7",2,227,234,"8,7",2021-10-02 12:04:00,259,2021-10-02 12:04:00
YB,03/10/2021,456316,4670799,"10,1","1,6","2,5",215,206,10,2021-10-03 09:56:00,210,2021-10-03 09:56:00
YB,04/10/2021,456316,4670799,"14,9","0,3","0,8",224,257,"5,3",2021-10-04 16:48:00,243,2021-10-04 16:48:00
YB,05/10/2021,456316,4670799,"0,6","0,1","0,6",208,263,"3,9",2021-10-05 14:04:00,201,2021-10-05 14:04:00
YB,06/10/2021,456316,4670799,0,"0,3","0,9",69,327,"5,5",2021-10-06 14:36:00,85,2021-10-06 14:36:00
YB,07/10/2021,456316,4670799,0,"0,4","0,8",225,243,5,2021-10-07 16:34:00,184,2021-10-07 16:34:00
YB,08/10/2021,456316,4670799,0,"0,3","0,7",198,236,"5,2",2021-10-08 13:04:00,181,2021-10-08 13:04:00
YB,09/10/2021,456316,4670799,0,"0,1","0,5",43,326,"3,7",2021-10-09 13:36:00,32,2021-10-09 13:36:00
YB,10/10/2021,456316,4670799,0,"0,3","0,7",239,247,4,2021-10-10 12:50:00,167,2021-10-10 12:50:00
YB,11/10/2021,456316,4670799,0,"0,3","0,7",242,262,"3,9",2021-10-11 15:20:00,57,2021-10-11 15:20:00
YB,12/10/2021,456316,4670799,0,"0,1","0,6",284,283,"4,6",2021-10-12 14:50:00,58,2021-10-12 14:50:00
YB,13/10/2021,456316,4670799,0,"0,2","0,9",177,231,"4,5",2021-10-13 13:39:00,66,2021-10-13 13:39:00
YB,14/10/2021,456316,4670799,0,"0,4","0,8",37,303,5,2021-10-14 14:56:00,58,2021-10-14 14:56:00
YB,15/10/2021,456316,4670799,0,"0,1","0,8",256,272,5,2021-10-15 15:23:00,36,2021-10-15 15:23:00
YB,16/10/2021,456316,4670799,0,"0,3","0,8",62,347,"4,6",2021-10-16 16:23:00,53,2021-10-16 16:23:00
YB,17/10/2021,456316,4670799,0,"0,8",1,53,19,5,2021-10-17 14:02:00,43,2021-10-17 14:02:00
YB,18/10/2021,456316,4670799,0,"0,4","0,9",41,314,"5,3",2021-10-18 15:06:00,30,2021-10-18 15:06:00
YB,19/10/2021,456316,4670799,0,"1,5","1,9",231,246,9,2021-10-19 19:18:00,204,2021-10-19 19:18:00
YB,20/10/2021,456316,4670799,0,"2,6","2,9",234,235,10,2021-10-20 18:09:00,244,2021-10-20 18:09:00
YB,21/10/2021,456316,4670799,"0,5","0,3","0,9",58,231,"5,4",2021-10-21 13:23:00,63,2021-10-21 13:23:00
YB,22/10/2021,456316,4670799,"0,1","0,2","0,8",220,256,"3,8",2021-10-22 14:29:00,199,2021-10-22 14:29:00
YB,23/10/2021,456316,4670799,0,"0,1","0,8",237,265,"4,3",2021-10-23 13:11:00,53,2021-10-23 13:11:00
YB,24/10/2021,456316,4670799,0,"0,1","0,6",72,287,"4,6",2021-10-24 15:39:00,64,2021-10-24 15:39:00
YB,25/10/2021,456316,4670799,0,"0,3","0,9",74,209,"5,4",2021-10-25 12:50:00,51,2021-10-25 12:50:00
YB,26/10/2021,456316,4670799,0,"0,3","0,7",241,249,"3,9",2021-10-26 12:14:00,142,2021-10-26 12:14:00
YB,27/10/2021,456316,4670799,0,0,"0,8",39,266,"5,4",2021-10-27 13:04:00,42,2021-10-27 13:04:00
YB,28/10/2021,456316,4670799,0,"0,2","0,7",186,247,"4,6",2021-10-28 14:13:00,158,2021-10-28 14:13:00
YB,29/10/2021,456316,4670799,0,"1,7",2,216,223,"8,8",2021-10-29 11:55:00,229,2021-10-29 11:55:00
YB,30/10/2021,456316,4670799,2,"0,6","1,1",234,244,"6,4",2021-10-30 02:19:00,239,2021-10-30 02:19:00
YB,31/10/2021,456316,4670799,0,"0,4",1,63,312,"5,2",2021-10-31 10:10:00,58,2021-10-31 10:10:00
YB,01/11/2021,456316,4670799,"3,2","0,9","1,2",56,52,"6,2",2021-11-01 13:59:00,51,2021-11-01 13:59:00
YB,02/11/2021,456316,4670799,"0,1",1,"1,5",203,227,"7,8",2021-11-02 21:20:00,198,2021-11-02 21:20:00
YB,03/11/2021,456316,4670799,"3,3","0,2","0,8",225,264,"6,8",2021-11-03 13:56:00,77,2021-11-03 13:56:00
YB,04/11/2021,456316,4670799,0,"0,1","0,8",225,250,"7,4",2021-11-04 13:50:00,37,2021-11-04 13:50:00
YB,05/11/2021,456316,4670799,0,"0,1","0,8",245,258,"6,7",2021-11-05 15:11:00,63,2021-11-05 15:11:00
YB,06/11/2021,456316,4670799,0,"0,2",1,208,247,"6,3",2021-11-06 12:37:00,83,2021-11-06 12:37:00
YB,07/11/2021,456316,4670799,0,"0,6","1,4",285,263,"11,1",2021-11-07 16:18:00,301,2021-11-07 16:18:00
YB,08/11/2021,456316,4670799,0,"0,2","1,1",284,255,"10,8",2021-11-08 18:04:00,342,2021-11-08 18:04:00
YB,09/11/2021,456316,4670799,"0,4","0,2","0,7",272,264,"3,8",2021-11-09 12:30:00,55,2021-11-09 12:30:00
YB,10/11/2021,456316,4670799,"15,3","0,3","0,7",253,259,"3,3",2021-11-10 17:15:00,69,2021-11-10 17:15:00
YB,11/11/2021,456316,4670799,"25,9","0,4","1,1",50,271,"10,6",2021-11-11 13:25:00,62,2021-11-11 13:25:00
YB,12/11/2021,456316,4670799,"2,4","0,5","0,8",253,255,"3,8",2021-11-12 08:13:00,265,2021-11-12 08:13:00
YB,13/11/2021,456316,4670799,0,"0,2","0,7",215,226,4,2021-11-13 14:40:00,115,2021-11-13 14:40:00
YB,14/11/2021,456316,4670799,0,"0,2","0,8",148,202,"4,1",2021-11-14 14:33:00,163,2021-11-14 14:33:00
YB,15/11/2021,456316,4670799,0,"0,4","0,7",249,248,"3,1",2021-11-15 18:12:00,233,2021-11-15 18:12:00
YB,16/11/2021,456316,4670799,"0,4","0,4","0,5",256,252,"2,8",2021-11-16 16:47:00,265,2021-11-16 16:47:00
YB,17/11/2021,456316,4670799,0,"0,5","0,9",66,17,"5,3",2021-11-17 14:12:00,55,2021-11-17 14:12:00
YB,18/11/2021,456316,4670799,0,"0,1","0,7",179,254,"4,6",2021-11-18 13:32:00,71,2021-11-18 13:32:00
YB,19/11/2021,456316,4670799,0,"0,3","0,7",32,279,"6,1",2021-11-19 14:31:00,55,2021-11-19 14:31:00
YB,20/11/2021,456316,4670799,0,"0,2","0,7",56,256,"6,5",2021-11-20 14:12:00,57,2021-11-20 14:12:00
YB,21/11/2021,456316,4670799,0,"0,2","0,8",114,230,"4,6",2021-11-21 12:50:00,145,2021-11-21 12:50:00
YB,22/11/2021,456316,4670799,0,"0,3","0,5",230,247,"2,8",2021-11-22 10:30:00,147,2021-11-22 10:30:00
YB,23/11/2021,456316,4670799,"21,3","0,2","0,6",246,270,"8,7",2021-11-23 22:30:00,218,2021-11-23 22:30:00
YB,24/11/2021,456316,4670799,22,"0,3","0,7",236,251,"4,7",2021-11-24 09:29:00,140,2021-11-24 09:29:00
YB,25/11/2021,456316,4670799,"0,2",0,1,182,244,"6,1",2021-11-25 13:52:00,60,2021-11-25 13:52:00
YB,26/11/2021,456316,4670799,0,"0,2",1,112,232,"5,3",2021-11-26 13:18:00,72,2021-11-26 13:18:00
YB,27/11/2021,456316,4670799,"0,5","0,5","0,9",249,251,"7,7",2021-11-27 12:34:00,318,2021-11-27 12:34:00
YB,28/11/2021,456316,4670799,"0,1","0,6","1,7",314,293,"8,8",2021-11-28 14:43:00,260,2021-11-28 14:43:00
YB,29/11/2021,456316,4670799,0,"0,3","1,7",38,305,"10,9",2021-11-29 07:23:00,10,2021-11-29 07:23:00
YB,30/11/2021,456316,4670799,0,"0,1","0,7",212,238,"4,4",2021-11-30 15:17:00,51,2021-11-30 15:17:00
YB,01/12/2021,456316,4670799,"0,5","0,3","0,7",250,248,"3,9",2021-12-01 16:05:00,354,2021-12-01 16:05:00
YB,02/12/2021,456316,4670799,0,"0,5","1,2",272,257,"11,6",2021-12-02 19:37:00,327,2021-12-02 19:37:00
YB,03/12/2021,456316,4670799,0,"0,1","1,3",347,236,"6,2",2021-12-03 04:06:00,257,2021-12-03 04:06:00
YB,04/12/2021,456316,4670799,0,"0,4","0,8",234,240,"5,2",2021-12-04 11:13:00,183,2021-12-04 11:13:00
YB,05/12/2021,456316,4670799,0,1,"1,7",262,262,"12,9",2021-12-05 14:03:00,275,2021-12-05 14:03:00
YB,06/12/2021,456316,4670799,0,"0,7","2,1",327,298,"15,3",2021-12-06 09:06:00,351,2021-12-06 09:06:00
YB,07/12/2021,456316,4670799,0,"1,1","1,8",209,231,11,2021-12-07 14:01:00,146,2021-12-07 14:01:00
YB,08/12/2021,456316,4670799,0,"0,2","1,5",170,256,"7,5",2021-12-08 11:39:00,232,2021-12-08 11:39:00
YB,09/12/2021,456316,4670799,0,"0,2","1,1",30,245,"5,9",2021-12-09 12:52:00,59,2021-12-09 12:52:00
YB,10/12/2021,456316,4670799,1,"0,5","1,8",18,301,"7,8",2021-12-10 16:50:00,18,2021-12-10 16:50:00
YB,11/12/2021,456316,4670799,0,"0,8","1,3",235,232,"6,3",2021-12-11 14:36:00,223,2021-12-11 14:36:00
YB,12/12/2021,456316,4670799,0,"0,1","0,9",231,250,"4,6",2021-12-12 14:59:00,67,2021-12-12 14:59:00
YB,13/12/2021,456316,4670799,0,"0,2","0,6",38,264,"4,6",2021-12-13 13:33:00,53,2021-12-13 13:33:00
YB,14/12/2021,456316,4670799,0,"0,1","0,6",31,255,"4,5",2021-12-14 13:48:00,51,2021-12-14 13:48:00
YB,15/12/2021,456316,4670799,0,0,"0,6",51,258,"4,3",2021-12-15 13:35:00,66,2021-12-15 13:35:00
YB,16/12/2021,456316,4670799,0,"0,2","0,6",45,274,"4,4",2021-12-16 13:40:00,60,2021-12-16 13:40:00
YB,17/12/2021,456316,4670799,0,"0,2","0,9",21,279,"6,4",2021-12-17 14:32:00,44,2021-12-17 14:32:00
YB,18/12/2021,456316,4670799,0,"0,2","0,8",11,274,"4,7",2021-12-18 13:02:00,62,2021-12-18 13:02:00
YB,19/12/2021,456316,4670799,0,"0,1","0,7",8,263,"4,3",2021-12-19 13:29:00,56,2021-12-19 13:29:00
YB,20/12/2021,456316,4670799,0,"0,1","0,5",340,274,5,2021-12-20 14:50:00,58,2021-12-20 14:50:00
YB,21/12/2021,456316,4670799,0,"0,1","0,6",330,270,"4,9",2021-12-21 15:44:00,65,2021-12-21 15:44:00
YB,22/12/2021,456316,4670799,0,"0,5","0,7",273,269,"2,4",2021-12-22 22:02:00,266,2021-12-22 22:02:00
YB,23/12/2021,456316,4670799,0,"0,3","0,9",197,238,"4,8",2021-12-23 15:32:00,183,2021-12-23 15:32:00
YB,24/12/2021,456316,4670799,0,"0,2",1,159,209,"6,4",2021-12-24 13:30:00,167,2021-12-24 13:30:00
YB,25/12/2021,456316,4670799,0,"0,2","1,1",124,148,"8,1",2021-12-25 14:15:00,156,2021-12-25 14:15:00
YB,26/12/2021,456316,4670799,0,"0,2","0,7",228,265,5,2021-12-26 23:14:00,186,2021-12-26 23:14:00
YB,27/12/2021,456316,4670799,0,"0,3","1,3",195,238,"5,7",2021-12-27 01:16:00,154,2021-12-27 01:16:00
YB,28/12/2021,456316,4670799,0,"0,6",1,229,240,"5,2",2021-12-28 12:21:00,180,2021-12-28 12:21:00
YB,29/12/2021,456316,4670799,0,"0,3","0,6",245,224,"3,4",2021-12-29 21:40:00,278,2021-12-29 21:40:00
YB,30/12/2021,456316,4670799,0,"0,1","0,6",266,270,"3,1",2021-12-30 16:34:00,248,2021-12-30 16:34:00
YB,31/12/2021,456316,4670799,0,"0,1","0,4",266,257,"2,9",2021-12-31 14:50:00,74,2021-12-31 14:50:00
YB,01/01/2022,456316,4670799,0,"0,2","0,7",68,253,"5,7",2022-01-01 13:04:00,66,2022-01-01 13:04:00
YB,02/01/2022,456316,4670799,0,"0,1","0,6",67,263,"3,5",2022-01-02 14:06:00,63,2022-01-02 14:06:00
YB,03/01/2022,456316,4670799,0,"0,2","0,7",54,257,"4,3",2022-01-03 15:29:00,64,2022-01-03 15:29:00
YB,04/01/2022,456316,4670799,0,"1,2","1,8",192,230,"10,6",2022-01-04 10:54:00,186,2022-01-04 10:54:00
YB,05/01/2022,456316,4670799,0,"0,2",1,250,259,"4,7",2022-01-05 10:02:00,61,2022-01-05 10:02:00
YB,06/01/2022,456316,4670799,0,"0,6",1,240,243,"3,8",2022-01-06 16:37:00,227,2022-01-06 16:37:00
YB,07/01/2022,456316,4670799,0,"0,1",1,289,264,"7,5",2022-01-07 19:57:00,273,2022-01-07 19:57:00
YB,08/01/2022,456316,4670799,0,"0,2","0,9",249,241,"4,2",2022-01-08 13:56:00,59,2022-01-08 13:56:00
YB,09/01/2022,456316,4670799,0,"0,2","1,1",41,257,"5,7",2022-01-09 05:51:00,162,2022-01-09 05:51:00
YB,10/01/2022,456316,4670799,"0,6","0,3",1,287,272,"11,2",2022-01-10 22:44:00,58,2022-01-10 22:44:00
YB,11/01/2022,456316,4670799,0,"0,5","1,1",244,239,"7,2",2022-01-11 00:49:00,325,2022-01-11 00:49:00
YB,12/01/2022,456316,4670799,0,"0,2","0,7",256,264,"3,7",2022-01-12 12:48:00,67,2022-01-12 12:48:00
YB,13/01/2022,456316,4670799,0,"0,2","0,8",23,278,"4,9",2022-01-13 13:12:00,57,2022-01-13 13:12:00
YB,14/01/2022,456316,4670799,0,"0,1","0,6",294,284,"4,8",2022-01-14 15:46:00,65,2022-01-14 15:46:00
YB,15/01/2022,456316,4670799,0,"0,1","0,6",24,273,"4,2",2022-01-15 14:08:00,73,2022-01-15 14:08:00
YB,16/01/2022,456316,4670799,0,"0,1","0,5",275,260,"3,5",2022-01-16 14:36:00,61,2022-01-16 14:36:00
YB,17/01/2022,456316,4670799,0,"0,2","0,7",23,275,4,2022-01-17 15:53:00,69,2022-01-17 15:53:00
YB,18/01/2022,456316,4670799,0,"0,4","0,8",47,297,"5,6",2022-01-18 11:04:00,66,2022-01-18 11:04:00
YB,19/01/2022,456316,4670799,0,"0,2","0,8",166,256,"5,2",2022-01-19 15:29:00,137,2022-01-19 15:29:00
YB,20/01/2022,456316,4670799,0,"0,5",1,190,240,"5,4",2022-01-20 13:49:00,180,2022-01-20 13:49:00
YB,21/01/2022,456316,4670799,0,"0,1","0,7",137,285,"5,6",2022-01-21 15:58:00,99,2022-01-21 15:58:00
YB,22/01/2022,456316,4670799,0,"0,1","0,7",278,270,"4,5",2022-01-22 14:46:00,91,2022-01-22 14:46:00
YB,23/01/2022,456316,4670799,0,"0,2","0,7",21,284,"5,5",2022-01-23 14:21:00,53,2022-01-23 14:21:00
YB,24/01/2022,456316,4670799,0,"0,1","0,8",320,271,"5,4",2022-01-24 14:47:00,45,2022-01-24 14:47:00
YB,25/01/2022,456316,4670799,0,"0,3",1,20,283,"4,5",2022-01-25 15:05:00,55,2022-01-25 15:05:00
YB,26/01/2022,456316,4670799,0,"0,3","0,5",261,267,"3,4",2022-01-26 16:40:00,262,2022-01-26 16:40:00
YB,27/01/2022,456316,4670799,0,"0,2","0,7",37,277,6,2022-01-27 15:48:00,32,2022-01-27 15:48:00
YB,28/01/2022,456316,4670799,0,"0,2","0,8",202,245,5,2022-01-28 14:36:00,146,2022-01-28 14:36:00
YB,29/01/2022,456316,4670799,0,"0,4","0,8",200,232,"5,1",2022-01-29 13:32:00,183,2022-01-29 13:32:00
YB,30/01/2022,456316,4670799,0,"0,5","0,9",49,281,"6,1",2022-01-30 16:03:00,52,2022-01-30 16:03:00
YB,31/01/2022,456316,4670799,0,"0,1","0,9",119,239,"5,2",2022-01-31 14:25:00,64,2022-01-31 14:25:00
YB,01/02/2022,456316,4670799,0,"0,1","1,3",315,237,"6,4",2022-02-01 14:41:00,33,2022-02-01 14:41:00
YB,02/02/2022,456316,4670799,0,"0,1","1,3",68,225,"6,4",2022-02-02 13:58:00,59,2022-02-02 13:58:00
YB,03/02/2022,456316,4670799,0,"0,6","1,2",48,318,"6,8",2022-02-03 14:40:00,65,2022-02-03 14:40:00
YB,04/02/2022,456316,4670799,0,"0,2",1,109,258,"5,4",2022-02-04 12:07:00,56,2022-02-04 12:07:00
YB,05/02/2022,456316,4670799,0,"0,3","0,8",82,176,"4,7",2022-02-05 13:10:00,61,2022-02-05 13:10:00
YB,06/02/2022,456316,4670799,0,"0,1","0,9",49,277,"5,8",2022-02-06 13:38:00,62,2022-02-06 13:38:00
YB,07/02/2022,456316,4670799,0,"0,3","1,1",237,239,"4,7",2022-02-07 07:56:00,114,2022-02-07 07:56:00
YB,08/02/2022,456316,4670799,0,"0,5","1,2",44,5,"5,4",2022-02-08 15:41:00,49,2022-02-08 15:41:00
YB,09/02/2022,456316,4670799,0,"0,6","1,4",42,298,8,2022-02-09 13:51:00,54,2022-02-09 13:51:00
YB,10/02/2022,456316,4670799,0,"0,2","0,8",3,279,5,2022-02-10 15:18:00,42,2022-02-10 15:18:00
YB,11/02/2022,456316,4670799,0,"0,2","0,8",95,260,"5,6",2022-02-11 17:09:00,158,2022-02-11 17:09:00
YB,12/02/2022,456316,4670799,0,"0,2","0,8",27,293,4,2022-02-12 11:07:00,53,2022-02-12 11:07:00
YB,13/02/2022,456316,4670799,0,"2,3","2,6",233,246,11,2022-02-13 18:09:00,262,2022-02-13 18:09:00
YB,14/02/2022,456316,4670799,"0,4","0,6",2,211,228,"7,9",2022-02-14 00:42:00,243,2022-02-14 00:42:00
YB,15/02/2022,456316,4670799,0,"0,3","1,2",224,244,"6,1",2022-02-15 13:09:00,167,2022-02-15 13:09:00
YB,16/02/2022,456316,4670799,0,"0,1","0,9",302,282,"4,3",2022-02-16 15:05:00,44,2022-02-16 15:05:00
YB,17/02/2022,456316,4670799,0,"0,1","0,8",299,270,"4,1",2022-02-17 14:13:00,59,2022-02-17 14:13:00
YB,18/02/2022,456316,4670799,0,"0,7","1,4",202,242,"9,2",2022-02-18 13:32:00,237,2022-02-18 13:32:00
YB,19/02/2022,456316,4670799,"5,8","0,2","0,7",73,23,"3,8",2022-02-19 09:00:00,85,2022-02-19 09:00:00
YB,20/02/2022,456316,4670799,"0,1","0,5","1,3",21,301,"6,7",2022-02-20 13:00:00,53,2022-02-20 13:00:00
YB,21/02/2022,456316,4670799,0,"0,5","1,5",58,245,"10,6",2022-02-21 17:41:00,153,2022-02-21 17:41:00
YB,22/02/2022,456316,4670799,0,"0,1","1,1",233,232,"5,1",2022-02-22 12:48:00,51,2022-02-22 12:48:00
YB,23/02/2022,456316,4670799,0,"0,1","0,9",71,281,"6,8",2022-02-23 15:50:00,126,2022-02-23 15:50:00
YB,24/02/2022,456316,4670799,0,"0,6","1,2",77,75,"6,3",2022-02-24 13:48:00,55,2022-02-24 13:48:00
YB,25/02/2022,456316,4670799,0,"0,3",1,46,290,"6,3",2022-02-25 12:48:00,74,2022-02-25 12:48:00
YB,26/02/2022,456316,4670799,0,"0,9","1,8",185,200,"8,1",2022-02-26 18:59:00,209,2022-02-26 18:59:00
YB,27/02/2022,456316,4670799,0,"0,5","1,2",129,215,7,2022-02-27 15:16:00,111,2022-02-27 15:16:00
YB,28/02/2022,456316,4670799,0,0,"0,8",104,252,"4,7",2022-02-28 11:39:00,64,2022-02-28 11:39:00
YB,01/03/2022,456316,4670799,0,"0,7","1,3",78,28,"7,4",2022-03-01 14:27:00,84,2022-03-01 14:27:00
YB,02/03/2022,456316,4670799,"3,5","0,1","1,2",56,283,"7,8",2022-03-02 12:12:00,184,2022-03-02 12:12:00
YB,03/03/2022,456316,4670799,0,"0,3","1,2",174,230,"6,8",2022-03-03 13:00:00,176,2022-03-03 13:00:00
YB,04/03/2022,456316,4670799,"0,3","0,4","1,1",217,246,"5,3",2022-03-04 14:32:00,152,2022-03-04 14:32:00
YB,05/03/2022,456316,4670799,"1,3","0,2","0,8",244,259,7,2022-03-05 10:34:00,57,2022-03-05 10:34:00
YB,06/03/2022,456316,4670799,2,"0,2","0,7",229,254,"4,1",2022-03-06 12:32:00,153,2022-03-06 12:32:00
YB,07/03/2022,456316,4670799,0,"0,3","0,6",321,302,"3,4",2022-03-07 15:06:00,340,2022-03-07 15:06:00
YB,08/03/2022,456316,4670799,"0,1","1,7","2,2",210,240,"9,9",2022-03-08 12:48:00,194,2022-03-08 12:48:00
YB,09/03/2022,456316,4670799,"1,4","0,8","1,1",199,207,"6,8",2022-03-09 13:28:00,221,2022-03-09 13:28:00
YB,10/03/2022,456316,4670799,"0,1","2,1","2,5",219,225,"8,8",2022-03-10 13:54:00,236,2022-03-10 13:54:00
YB,11/03/2022,456316,4670799,"1,3","1,7","2,3",214,211,"9,8",2022-03-11 03:49:00,243,2022-03-11 03:49:00
YB,12/03/2022,456316,4670799,"34,5","0,4","0,7",356,3,"6,3",2022-03-12 12:42:00,17,2022-03-12 12:42:00
YB,13/03/2022,456316,4670799,"1,6","0,4","0,9",207,237,"6,7",2022-03-13 11:48:00,280,2022-03-13 11:48:00
YB,14/03/2022,456316,4670799,"8,6",1,"1,3",45,29,"5,2",2022-03-14 23:13:00,54,2022-03-14 23:13:00
YB,15/03/2022,456316,4670799,"2,9","1,6","1,7",45,44,"4,9",2022-03-15 08:00:00,52,2022-03-15 08:00:00
YB,16/03/2022,456316,4670799,"0,3","0,6",1,51,16,"5,7",2022-03-16 14:13:00,59,2022-03-16 14:13:00
YB,17/03/2022,456316,4670799,0,"0,8","1,7",89,240,"9,3",2022-03-17 16:36:00,76,2022-03-17 16:36:00
YB,18/03/2022,456316,4670799,"3,9","0,3","0,9",23,309,"5,5",2022-03-18 16:47:00,44,2022-03-18 16:47:00
YB,19/03/2022,456316,4670799,"2,6","0,2","0,9",14,325,"6,4",2022-03-19 07:21:00,85,2022-03-19 07:21:00
YB,20/03/2022,456316,4670799,"15,1","0,3","0,7",52,9,"3,8",2022-03-20 16:42:00,51,2022-03-20 16:42:00
YB,21/03/2022,456316,4670799,"10,7","0,5",1,34,18,"8,3",2022-03-21 13:36:00,68,2022-03-21 13:36:00
YB,22/03/2022,456316,4670799,"3,4","0,3","1,1",23,321,"6,2",2022-03-22 14:59:00,84,2022-03-22 14:59:00
YB,23/03/2022,456316,4670799,0,"0,1","0,7",90,217,5,2022-03-23 15:18:00,84,2022-03-23 15:18:00
YB,24/03/2022,456316,4670799,0,"0,4","0,6",290,283,"4,4",2022-03-24 12:43:00,345,2022-03-24 12:43:00
YB,25/03/2022,456316,4670799,0,"0,5","1,2",71,306,"6,8",2022-03-25 15:02:00,71,2022-03-25 15:02:00
YB,26/03/2022,456316,4670799,"0,1","0,3",1,88,273,"5,8",2022-03-26 13:51:00,92,2022-03-26 13:51:00
YB,27/03/2022,456316,4670799,0,"0,3","1,2",88,284,"6,2",2022-03-27 16:31:00,121,2022-03-27 16:31:00
YB,28/03/2022,456316,4670799,0,"0,6","1,2",171,238,"7,1",2022-03-28 14:11:00,165,2022-03-28 14:11:00
YB,29/03/2022,456316,4670799,1,"0,8","1,5",40,21,"5,7",2022-03-29 16:29:00,142,2022-03-29 16:29:00
YB,30/03/2022,456316,4670799,34,"0,3","0,8",232,245,"3,7",2022-03-30 18:29:00,144,2022-03-30 18:29:00
YB,31/03/2022,456316,4670799,"18,8","0,2","1,2",194,250,"6,9",2022-03-31 11:28:00,163,2022-03-31 11:28:00
YB,01/04/2022,456316,4670799,"0,1","1,5","2,4",315,310,"13,7",2022-04-01 09:56:00,341,2022-04-01 09:56:00
YB,02/04/2022,456316,4670799,0,"0,4","1,8",73,20,"8,8",2022-04-02 16:25:00,120,2022-04-02 16:25:00
YB,03/04/2022,456316,4670799,"0,2","0,6","1,4",150,225,10,2022-04-03 13:39:00,164,2022-04-03 13:39:00
YB,04/04/2022,456316,4670799,0,"0,5","1,5",146,218,8,2022-04-04 15:15:00,151,2022-04-04 15:15:00
YB,05/04/2022,456316,4670799,0,"0,2","1,1",152,240,6,2022-04-05 14:28:00,127,2022-04-05 14:28:00
YB,06/04/2022,456316,4670799,0,"0,3","1,2",138,237,"7,3",2022-04-06 12:43:00,75,2022-04-06 12:43:00
YB,07/04/2022,456316,4670799,0,"0,7","1,5",42,284,"7,8",2022-04-07 15:23:00,51,2022-04-07 15:23:00
YB,08/04/2022,456316,4670799,0,"1,5","1,9",220,249,"12,8",2022-04-08 14:48:00,233,2022-04-08 14:48:00
YB,09/04/2022,456316,4670799,0,"0,4","1,4",195,259,"7,6",2022-04-09 11:11:00,161,2022-04-09 11:11:00
YB,10/04/2022,456316,4670799,0,"0,7","2,3",163,125,"8,7",2022-04-10 12:17:00,152,2022-04-10 12:17:00
YB,11/04/2022,456316,4670799,0,"1,4","2,9",163,163,"9,7",2022-04-11 09:57:00,191,2022-04-11 09:57:00
YB,12/04/2022,456316,4670799,"0,4","1,1","1,3",49,44,"4,8",2022-04-12 09:55:00,56,2022-04-12 09:55:00
YB,13/04/2022,456316,4670799,"3,1","0,7","1,1",51,42,"5,3",2022-04-13 16:10:00,67,2022-04-13 16:10:00
YB,14/04/2022,456316,4670799,0,1,"1,9",76,270,"9,6",2022-04-14 09:59:00,48,2022-04-14 09:59:00
YB,15/04/2022,456316,4670799,0,"0,6","1,5",83,267,"8,3",2022-04-15 12:28:00,69,2022-04-15 12:28:00
YB,16/04/2022,456316,4670799,0,"0,4","1,4",143,254,9,2022-04-16 16:07:00,156,2022-04-16 16:07:00
YB,17/04/2022,456316,4670799,0,"0,5","1,5",136,230,"6,9",2022-04-17 13:35:00,89,2022-04-17 13:35:00
YB,18/04/2022,456316,4670799,0,"0,7","1,4",56,332,"8,8",2022-04-18 14:42:00,55,2022-04-18 14:42:00
YB,19/04/2022,456316,4670799,8,"0,1","0,9",198,243,"4,5",2022-04-19 12:52:00,194,2022-04-19 12:52:00
YB,20/04/2022,456316,4670799,"26,3","0,3","0,9",3,344,"5,3",2022-04-20 12:35:00,74,2022-04-20 12:35:00
YB,21/04/2022,456316,4670799,"6,4","0,6","0,8",262,261,"4,1",2022-04-21 14:24:00,251,2022-04-21 14:24:00
YB,22/04/2022,456316,4670799,0,"1,7","2,1",214,215,"10,5",2022-04-22 13:18:00,254,2022-04-22 13:18:00
YB,23/04/2022,456316,4670799,"5,2","1,9","2,7",234,230,"15,5",2022-04-23 14:45:00,281,2022-04-23 14:45:00
YB,24/04/2022,456316,4670799,2,"0,2","1,3",87,256,"7,8",2022-04-24 12:59:00,60,2022-04-24 12:59:00
YB,25/04/2022,456316,4670799,0,"0,5","1,2",95,207,7,2022-04-25 16:17:00,96,2022-04-25 16:17:00
YB,26/04/2022,456316,4670799,0,"0,8","1,4",41,332,"8,3",2022-04-26 14:45:00,26,2022-04-26 14:45:00
YB,27/04/2022,456316,4670799,0,"1,2","1,7",39,358,"8,3",2022-04-27 14:08:00,18,2022-04-27 14:08:00
YB,28/04/2022,456316,4670799,0,"0,3","1,3",123,242,7,2022-04-28 12:18:00,58,2022-04-28 12:18:00
YB,29/04/2022,456316,4670799,0,"0,3","1,1",146,234,"6,2",2022-04-29 13:00:00,100,2022-04-29 13:00:00
YB,30/04/2022,456316,4670799,"10,4","0,3","0,9",284,269,"6,3",2022-04-30 11:22:00,64,2022-04-30 11:22:00
YB,01/05/2022,456316,4670799,9,"0,2","1,1",171,254,"6,3",2022-05-01 11:36:00,62,2022-05-01 11:36:00
YB,02/05/2022,456316,4670799,"8,1","0,2","0,8",330,292,"5,1",2022-05-02 14:05:00,57,2022-05-02 14:05:00
YB,03/05/2022,456316,4670799,"0,7","0,1","0,9",235,264,"5,6",2022-05-03 16:41:00,150,2022-05-03 16:41:00
YB,04/05/2022,456316,4670799,"6,4","0,3","1,1",216,245,"10,3",2022-05-04 15:25:00,346,2022-05-04 15:25:00
YB,05/05/2022,456316,4670799,0,"0,5","1,6",9,305,"12,4",2022-05-05 14:00:00,49,2022-05-05 14:00:00
YB,06/05/2022,456316,4670799,0,"0,3","1,7",316,278,"11,4",2022-05-06 13:25:00,65,2022-05-06 13:25:00
YB,07/05/2022,456316,4670799,0,"0,8","1,4",205,227,"8,7",2022-05-07 14:36:00,145,2022-05-07 14:36:00
YB,08/05/2022,456316,4670799,1,"0,3","1,2",246,260,7,2022-05-08 15:03:00,143,2022-05-08 15:03:00
YB,09/05/2022,456316,4670799,"26,6","0,3",1,286,269,"11,9",2022-05-09 12:25:00,6,2022-05-09 12:25:00
YB,10/05/2022,456316,4670799,0,"0,3",1,164,242,"5,9",2022-05-10 14:05:00,166,2022-05-10 14:05:00
YB,11/05/2022,456316,4670799,0,1,"1,7",215,241,"8,4",2022-05-11 12:16:00,227,2022-05-11 12:16:00
YB,12/05/2022,456316,4670799,0,"1,2","1,7",189,215,"8,2",2022-05-12 17:03:00,228,2022-05-12 17:03:00
YB,13/05/2022,456316,4670799,0,"0,2","1,1",46,283,7,2022-05-13 14:44:00,23,2022-05-13 14:44:00
YB,14/05/2022,456316,4670799,0,"0,2","1,1",157,251,"6,2",2022-05-14 11:17:00,51,2022-05-14 11:17:00
YB,15/05/2022,456316,4670799,0,"1,2","1,6",221,242,"9,5",2022-05-15 13:33:00,225,2022-05-15 13:33:00
YB,16/05/2022,456316,4670799,0,1,"1,5",43,355,8,2022-05-16 14:21:00,34,2022-05-16 14:21:00
YB,17/05/2022,456316,4670799,0,"0,5","1,3",57,309,"7,6",2022-05-17 13:20:00,53,2022-05-17 13:20:00
YB,18/05/2022,456316,4670799,0,"0,5","1,3",165,243,"7,3",2022-05-18 14:05:00,109,2022-05-18 14:05:00
YB,19/05/2022,456316,4670799,0,"0,6","1,3",52,349,"6,7",2022-05-19 16:10:00,55,2022-05-19 16:10:00
YB,20/05/2022,456316,4670799,0,"1,6",2,217,235,"10,2",2022-05-20 13:31:00,203,2022-05-20 13:31:00
YB,21/05/2022,456316,4670799,0,"0,2","1,2",41,294,"7,3",2022-05-21 16:53:00,52,2022-05-21 16:53:00
YB,22/05/2022,456316,4670799,0,"0,4","1,6",191,240,"8,1",2022-05-22 13:02:00,171,2022-05-22 13:02:00
YB,23/05/2022,456316,4670799,0,"0,8","1,6",108,136,"7,6",2022-05-23 11:21:00,75,2022-05-23 11:21:00
YB,24/05/2022,456316,4670799,"53,3","0,5","1,2",52,31,5,2022-05-24 04:47:00,59,2022-05-24 04:47:00
YB,25/05/2022,456316,4670799,"2,8","0,5","0,8",254,255,"3,5",2022-05-25 11:54:00,204,2022-05-25 11:54:00
YB,26/05/2022,456316,4670799,0,"0,3","1,3",104,257,"7,9",2022-05-26 11:08:00,117,2022-05-26 11:08:00
YB,27/05/2022,456316,4670799,0,"0,2",1,343,291,6,2022-05-27 15:40:00,59,2022-05-27 15:40:00
YB,28/05/2022,456316,4670799,0,"0,3","1,1",147,236,"5,7",2022-05-28 15:12:00,148,2022-05-28 15:12:00
YB,29/05/2022,456316,4670799,"1,4","0,4","1,2",36,328,"7,2",2022-05-29 16:34:00,347,2022-05-29 16:34:00
YB,30/05/2022,456316,4670799,0,"0,3","1,2",42,319,"7,8",2022-05-30 16:40:00,301,2022-05-30 16:40:00
YB,31/05/2022,456316,4670799,0,"0,6","1,3",42,356,"7,2",2022-05-31 13:58:00,53,2022-05-31 13:58:00
YB,01/06/2022,456316,4670799,0,"1,2","1,6",224,245,"7,9",2022-06-01 16:55:00,210,2022-06-01 16:55:00
YB,02/06/2022,456316,4670799,0,"0,7","1,5",58,21,"7,3",2022-06-02 12:56:00,36,2022-06-02 12:56:00
YB,03/06/2022,456316,4670799,0,"0,8","1,6",43,7,"7,1",2022-06-03 14:09:00,97,2022-06-03 14:09:00
YB,04/06/2022,456316,4670799,0,"0,2","1,3",124,249,7,2022-06-04 15:27:00,63,2022-06-04 15:27:00
YB,05/06/2022,456316,4670799,0,"0,4","1,4",130,194,"10,2",2022-06-05 13:04:00,210,2022-06-05 13:04:00
YB,06/06/2022,456316,4670799,0,"0,9","1,6",226,237,"9,1",2022-06-06 13:48:00,244,2022-06-06 13:48:00
YB,07/06/2022,456316,4670799,0,"0,8","1,5",48,4,"9,3",2022-06-07 12:15:00,59,2022-06-07 12:15:00
YB,08/06/2022,456316,4670799,"1,4","0,1","0,9",175,271,5,2022-06-08 11:05:00,146,2022-06-08 11:05:00
YB,09/06/2022,456316,4670799,0,"0,3","1,1",162,220,"5,3",2022-06-09 12:40:00,105,2022-06-09 12:40:00
YB,10/06/2022,456316,4670799,0,"0,4","1,1",186,239,"6,7",2022-06-10 15:59:00,152,2022-06-10 15:59:00
YB,11/06/2022,456316,4670799,0,"0,2","1,2",159,251,"7,3",2022-06-11 13:07:00,60,2022-06-11 13:07:00
YB,12/06/2022,456316,4670799,"0,6","0,4","1,4",246,266,"7,9",2022-06-12 13:22:00,82,2022-06-12 13:22:00
YB,13/06/2022,456316,4670799,"0,1","0,1","1,3",79,260,"9,1",2022-06-13 14:30:00,52,2022-06-13 14:30:00
YB,14/06/2022,456316,4670799,"2,4","0,5","1,4",294,292,"13,9",2022-06-14 21:52:00,309,2022-06-14 21:52:00
YB,15/06/2022,456316,4670799,0,"0,1","1,2",122,227,"5,9",2022-06-15 06:22:00,48,2022-06-15 06:22:00
YB,16/06/2022,456316,4670799,0,"0,2","1,3",186,256,7,2022-06-16 14:26:00,151,2022-06-16 14:26:00
YB,17/06/2022,456316,4670799,0,"0,2","1,1",220,249,"7,4",2022-06-17 14:54:00,108,2022-06-17 14:54:00
YB,18/06/2022,456316,4670799,0,"0,7","1,5",54,352,"8,4",2022-06-18 12:22:00,85,2022-06-18 12:22:00
YB,19/06/2022,456316,4670799,0,1,"1,9",153,225,"9,6",2022-06-19 16:11:00,157,2022-06-19 16:11:00
YB,20/06/2022,456316,4670799,0,"0,3","1,4",124,256,"7,1",2022-06-20 12:29:00,53,2022-06-20 12:29:00
YB,21/06/2022,456316,4670799,"7,4","0,3","1,5",4,303,"6,8",2022-06-21 21:35:00,302,2022-06-21 21:35:00
YB,22/06/2022,456316,4670799,"2,2","0,8","1,8",187,235,"9,1",2022-06-22 15:24:00,272,2022-06-22 15:24:00
YB,23/06/2022,456316,4670799,0,"1,4",2,231,243,11,2022-06-23 14:53:00,242,2022-06-23 14:53:00
YB,24/06/2022,456316,4670799,0,"0,6","1,7",116,146,"9,5",2022-06-24 12:18:00,169,2022-06-24 12:18:00
YB,25/06/2022,456316,4670799,0,"0,6","1,5",209,233,"10,3",2022-06-25 13:47:00,286,2022-06-25 13:47:00
YB,26/06/2022,456316,4670799,0,"0,9","1,6",71,41,8,2022-06-26 16:22:00,62,2022-06-26 16:22:00
YB,27/06/2022,456316,4670799,"0,8","0,4","1,4",282,277,"6,7",2022-06-27 17:15:00,282,2022-06-27 17:15:00
YB,28/06/2022,456316,4670799,0,"0,6","1,4",179,208,"7,5",2022-06-28 11:00:00,179,2022-06-28 11:00:00
YB,29/06/2022,456316,4670799,0,"0,6","1,5",43,337,"8,5",2022-06-29 13:35:00,52,2022-06-29 13:35:00
YB,30/06/2022,456316,4670799,0,1,"1,8",76,69,"9,3",2022-06-30 13:11:00,43,2022-06-30 13:11:00
YB,01/07/2022,456316,4670799,"0,1","0,9","1,7",72,56,"7,5",2022-07-01 14:56:00,130,2022-07-01 14:56:00
YB,02/07/2022,456316,4670799,0,"0,9","1,6",29,330,"8,5",2022-07-02 12:49:00,62,2022-07-02 12:49:00
YB,03/07/2022,456316,4670799,0,"0,3","1,3",74,333,"7,3",2022-07-03 16:47:00,53,2022-07-03 16:47:00
YB,04/07/2022,456316,4670799,0,"0,5","1,5",107,238,"9,1",2022-07-04 13:33:00,108,2022-07-04 13:33:00
YB,05/07/2022,456316,4670799,0,"0,6","1,7",100,124,8,2022-07-05 15:09:00,147,2022-07-05 15:09:00
YB,06/07/2022,456316,4670799,"0,8","0,1","1,4",256,275,"7,6",2022-07-06 16:06:00,171,2022-07-06 16:06:00
YB,07/07/2022,456316,4670799,0,"0,6","1,5",196,234,"7,8",2022-07-07 13:03:00,124,2022-07-07 13:03:00
YB,08/07/2022,456316,4670799,0,"0,6","1,4",175,228,"7,1",2022-07-08 14:37:00,127,2022-07-08 14:37:00
YB,09/07/2022,456316,4670799,0,"0,3","1,4",125,262,"9,2",2022-07-09 14:37:00,143,2022-07-09 14:37:00
YB,10/07/2022,456316,4670799,0,"0,5","1,4",145,228,"8,3",2022-07-10 13:55:00,68,2022-07-10 13:55:00
YB,11/07/2022,456316,4670799,0,"0,6","1,5",77,14,"8,2",2022-07-11 14:12:00,129,2022-07-11 14:12:00
YB,12/07/2022,456316,4670799,0,"0,4","1,5",105,264,"6,9",2022-07-12 14:37:00,140,2022-07-12 14:37:00
YB,13/07/2022,456316,4670799,0,"0,7","1,5",80,30,"8,4",2022-07-13 10:48:00,55,2022-07-13 10:48:00
YB,14/07/2022,456316,4670799,0,"0,4","1,4",113,217,"7,1",2022-07-14 12:44:00,42,2022-07-14 12:44:00
YB,15/07/2022,456316,4670799,0,"0,5","1,4",160,236,"8,5",2022-07-15 13:58:00,115,2022-07-15 13:58:00
YB,16/07/2022,456316,4670799,0,"0,3","1,4",127,255,"7,4",2022-07-16 11:40:00,62,2022-07-16 11:40:00
YB,17/07/2022,456316,4670799,0,"0,5","1,5",75,316,"7,7",2022-07-17 11:42:00,34,2022-07-17 11:42:00
YB,18/07/2022,456316,4670799,0,"0,7","1,5",69,359,"8,3",2022-07-18 12:19:00,60,2022-07-18 12:19:00
YB,19/07/2022,456316,4670799,0,"0,6","1,6",88,50,"8,6",2022-07-19 11:18:00,58,2022-07-19 11:18:00
YB,20/07/2022,456316,4670799,0,"0,7","1,5",89,65,"8,4",2022-07-20 14:23:00,54,2022-07-20 14:23:00
YB,21/07/2022,456316,4670799,0,"0,5","1,3",56,8,8,2022-07-21 16:14:00,61,2022-07-21 16:14:00
YB,22/07/2022,456316,4670799,0,"0,5","1,6",112,266,"8,5",2022-07-22 17:11:00,24,2022-07-22 17:11:00
YB,23/07/2022,456316,4670799,0,"0,6","1,6",83,321,"10,5",2022-07-23 13:53:00,47,2022-07-23 13:53:00
YB,24/07/2022,456316,4670799,0,1,"1,6",37,358,"8,1",2022-07-24 12:30:00,46,2022-07-24 12:30:00
YB,25/07/2022,456316,4670799,"7,1","0,6","1,5",47,337,"8,8",2022-07-25 12:14:00,16,2022-07-25 12:14:00
YB,26/07/2022,456316,4670799,0,1,"1,7",63,28,"7,4",2022-07-26 16:24:00,73,2022-07-26 16:24:00
YB,27/07/2022,456316,4670799,0,"0,6","1,7",135,179,"9,2",2022-07-27 13:19:00,69,2022-07-27 13:19:00
YB,28/07/2022,456316,4670799,0,"0,2","1,4",217,259,"7,5",2022-07-28 11:13:00,173,2022-07-28 11:13:00
YB,29/07/2022,456316,4670799,"2,2","0,2","1,1",184,269,"7,4",2022-07-29 14:38:00,211,2022-07-29 14:38:00
YB,30/07/2022,456316,4670799,0,"0,3","0,8",304,285,"3,8",2022-07-30 12:48:00,295,2022-07-30 12:48:00
YB,31/07/2022,456316,4670799,0,"0,4","1,2",226,235,"7,1",2022-07-31 13:16:00,136,2022-07-31 13:16:00
YB,01/08/2022,456316,4670799,0,"0,5","1,3",188,232,9,2022-08-01 15:11:00,22,2022-08-01 15:11:00
YB,02/08/2022,456316,4670799,0,"0,5","1,4",154,228,"7,5",2022-08-02 14:04:00,50,2022-08-02 14:04:00
YB,03/08/2022,456316,4670799,0,"0,9","1,8",57,350,"8,4",2022-08-03 11:43:00,43,2022-08-03 11:43:00
YB,04/08/2022,456316,4670799,0,1,"1,6",40,337,"8,7",2022-08-04 13:08:00,55,2022-08-04 13:08:00
YB,05/08/2022,456316,4670799,"16,4","0,2","1,3",290,272,13,2022-08-05 13:11:00,278,2022-08-05 13:11:00
YB,06/08/2022,456316,4670799,"1,9","0,3","1,2",295,266,"9,1",2022-08-06 15:37:00,277,2022-08-06 15:37:00
YB,07/08/2022,456316,4670799,"4,6","0,4",1,255,259,"12,1",2022-08-07 13:42:00,322,2022-08-07 13:42:00
YB,08/08/2022,456316,4670799,0,"0,3","1,1",229,258,"7,4",2022-08-08 14:10:00,68,2022-08-08 14:10:00
YB,09/08/2022,456316,4670799,0,"0,2",1,320,284,"6,8",2022-08-09 16:09:00,343,2022-08-09 16:09:00
YB,10/08/2022,456316,4670799,"4,6","0,1","1,1",272,267,"9,3",2022-08-10 14:21:00,67,2022-08-10 14:21:00
YB,11/08/2022,456316,4670799,0,"0,4",1,324,292,"7,3",2022-08-11 13:56:00,11,2022-08-11 13:56:00
YB,12/08/2022,456316,4670799,"1,3","0,1","1,2",339,269,"10,9",2022-08-12 13:52:00,344,2022-08-12 13:52:00
YB,13/08/2022,456316,4670799,"27,3","0,3","1,2",30,267,"14,5",2022-08-13 15:50:00,332,2022-08-13 15:50:00
YB,14/08/2022,456316,4670799,0,"0,5","1,7",148,193,"10,9",2022-08-14 13:46:00,71,2022-08-14 13:46:00
YB,15/08/2022,456316,4670799,"0,6","0,2",1,61,287,"7,3",2022-08-15 12:39:00,90,2022-08-15 12:39:00
YB,16/08/2022,456316,4670799,0,"0,8","1,3",201,233,"8,4",2022-08-16 14:12:00,169,2022-08-16 14:12:00
YB,17/08/2022,456316,4670799,"97,2","0,1",1,49,331,12,2022-08-17 15:44:00,350,2022-08-17 15:44:00
YB,18/08/2022,456316,4670799,"5,1","0,4",1,281,273,"5,1",2022-08-18 09:33:00,51,2022-08-18 09:33:00
YB,19/08/2022,456316,4670799,0,"0,2","1,2",119,269,"6,2",2022-08-19 16:16:00,115,2022-08-19 16:16:00
YB,20/08/2022,456316,4670799,0,"0,2",1,31,300,"7,8",2022-08-20 15:02:00,97,2022-08-20 15:02:00
YB,21/08/2022,456316,4670799,0,"0,1",1,216,258,6,2022-08-21 11:41:00,118,2022-08-21 11:41:00
YB,22/08/2022,456316,4670799,0,"0,3","0,9",132,192,"5,6",2022-08-22 12:42:00,108,2022-08-22 12:42:00
YB,23/08/2022,456316,4670799,0,"0,1","1,1",78,278,"6,5",2022-08-23 15:21:00,103,2022-08-23 15:21:00
YB,24/08/2022,456316,4670799,0,"0,7","1,3",42,343,"7,7",2022-08-24 14:00:00,48,2022-08-24 14:00:00
YB,25/08/2022,456316,4670799,"7,2","0,3","1,3",267,255,"10,8",2022-08-25 15:32:00,1,2022-08-25 15:32:00
YB,26/08/2022,456316,4670799,0,"0,1","1,1",136,245,7,2022-08-26 13:48:00,52,2022-08-26 13:48:00
YB,27/08/2022,456316,4670799,"0,5","0,4","1,1",242,247,7,2022-08-27 13:19:00,63,2022-08-27 13:19:00
YB,28/08/2022,456316,4670799,"15,6","0,3","1,3",28,300,"10,8",2022-08-28 17:57:00,221,2022-08-28 17:57:00
YB,29/08/2022,456316,4670799,0,"0,8","1,4",232,246,"9,3",2022-08-29 11:19:00,185,2022-08-29 11:19:00
YB,30/08/2022,456316,4670799,0,"0,6","1,4",49,308,"8,4",2022-08-30 17:08:00,58,2022-08-30 17:08:00
YB,31/08/2022,456316,4670799,"4,6","0,5","1,1",297,286,"11,2",2022-08-31 12:00:00,318,2022-08-31 12:00:00
YB,01/09/2022,456316,4670799,0,"0,4","1,4",188,247,9,2022-09-01 15:27:00,50,2022-09-01 15:27:00
YB,02/09/2022,456316,4670799,"15,4",0,1,248,270,"7,5",2022-09-02 15:03:00,52,2022-09-02 15:03:00
YB,03/09/2022,456316,4670799,"25,2","0,3","1,1",117,240,"7,3",2022-09-03 14:17:00,112,2022-09-03 14:17:00
YB,04/09/2022,456316,4670799,"0,1","0,4","1,1",158,205,"6,7",2022-09-04 13:34:00,166,2022-09-04 13:34:00
YB,05/09/2022,456316,4670799,0,"0,6","1,1",182,218,"7,1",2022-09-05 14:51:00,162,2022-09-05 14:51:00
YB,06/09/2022,456316,4670799,0,"1,1","1,5",233,256,"10,7",2022-09-06 16:14:00,255,2022-09-06 16:14:00
YB,07/09/2022,456316,4670799,0,"0,8","1,3",242,243,"8,4",2022-09-07 13:07:00,213,2022-09-07 13:07:00
YB,08/09/2022,456316,4670799,0,"0,5","1,2",211,241,"6,8",2022-09-08 12:24:00,247,2022-09-08 12:24:00
YB,09/09/2022,456316,4670799,0,"0,2","1,2",63,262,"6,9",2022-09-09 13:18:00,46,2022-09-09 13:18:00
YB,10/09/2022,456316,4670799,0,"0,5","1,1",56,349,"6,9",2022-09-10 14:26:00,62,2022-09-10 14:26:00
YB,11/09/2022,456316,4670799,0,"0,4","1,1",77,231,"6,7",2022-09-11 16:31:00,41,2022-09-11 16:31:00
YB,12/09/2022,456316,4670799,"4,4","0,7","1,4",38,336,"6,2",2022-09-12 14:18:00,53,2022-09-12 14:18:00
YB,13/09/2022,456316,4670799,"0,2","0,9","1,5",243,253,"10,3",2022-09-13 12:15:00,214,2022-09-13 12:15:00
YB,14/09/2022,456316,4670799,"3,6","0,8","1,4",224,244,"8,5",2022-09-14 02:41:00,298,2022-09-14 02:41:00
YB,15/09/2022,456316,4670799,"15,5","0,2",1,348,288,"8,2",2022-09-15 18:13:00,338,2022-09-15 18:13:00
YB,16/09/2022,456316,4670799,"2,3","0,2","0,9",59,265,"6,1",2022-09-16 13:23:00,160,2022-09-16 13:23:00
YB,17/09/2022,456316,4670799,0,"0,2",1,138,218,"5,5",2022-09-17 14:18:00,125,2022-09-17 14:18:00
YB,18/09/2022,456316,4670799,0,"0,2","0,9",58,304,"6,1",2022-09-18 15:19:00,65,2022-09-18 15:19:00
YB,19/09/2022,456316,4670799,0,"0,2","0,7",267,262,"4,7",2022-09-19 14:53:00,63,2022-09-19 14:53:00
YB,20/09/2022,456316,4670799,0,"0,1","0,8",82,266,"5,8",2022-09-20 15:27:00,83,2022-09-20 15:27:00
YB,21/09/2022,456316,4670799,0,"0,3","0,9",42,304,5,2022-09-21 15:39:00,50,2022-09-21 15:39:00
YB,22/09/2022,456316,4670799,0,0,"0,8",143,230,"4,4",2022-09-22 14:19:00,53,2022-09-22 14:19:00
YB,23/09/2022,456316,4670799,"33,2","0,7","1,4",197,226,"8,4",2022-09-23 11:09:00,183,2022-09-23 11:09:00
YB,24/09/2022,456316,4670799,"35,7","0,3","1,1",157,216,"7,3",2022-09-24 15:18:00,84,2022-09-24 15:18:00
YB,25/09/2022,456316,4670799,"1,3","0,2","1,1",56,257,"6,4",2022-09-25 13:33:00,56,2022-09-25 13:33:00
YB,26/09/2022,456316,4670799,1,"0,2","1,1",174,236,"7,6",2022-09-26 15:59:00,56,2022-09-26 15:59:00
YB,27/09/2022,456316,4670799,0,"0,3",1,60,0,"5,9",2022-09-27 13:46:00,80,2022-09-27 13:46:00
YB,28/09/2022,456316,4670799,"0,4","0,5","1,1",66,60,"8,6",2022-09-28 16:17:00,66,2022-09-28 16:17:00
YB,29/09/2022,456316,4670799,"26,9","0,1",1,185,247,"8,4",2022-09-29 13:58:00,51,2022-09-29 13:58:00
YB,30/09/2022,456316,4670799,"0,2","0,2",1,176,246,"5,7",2022-09-30 12:56:00,73,2022-09-30 12:56:00
YB,01/10/2022,456316,4670799,0,"0,3","0,7",232,235,"4,1",2022-10-01 16:59:00,283,2022-10-01 16:59:00
YB,02/10/2022,456316,4670799,0,"0,2","0,8",9,277,"5,3",2022-10-02 12:39:00,46,2022-10-02 12:39:00
YB,03/10/2022,456316,4670799,0,"0,2","0,8",51,280,"4,9",2022-10-03 13:10:00,70,2022-10-03 13:10:00
YB,04/10/2022,456316,4670799,"0,1","0,2","0,9",85,288,"5,8",2022-10-04 15:22:00,51,2022-10-04 15:22:00
YB,05/10/2022,456316,4670799,0,"0,3",1,56,284,"6,8",2022-10-05 12:04:00,29,2022-10-05 12:04:00
YB,06/10/2022,456316,4670799,0,"0,2","0,9",145,238,"6,1",2022-10-06 14:22:00,108,2022-10-06 14:22:00
YB,07/10/2022,456316,4670799,"4,3","0,3","0,6",278,286,"5,2",2022-10-07 15:21:00,147,2022-10-07 15:21:00
YB,08/10/2022,456316,4670799,"16,6","0,3","0,6",35,314,"3,7",2022-10-08 12:20:00,53,2022-10-08 12:20:00
YB,09/10/2022,456316,4670799,0,"0,5","0,9",57,43,5,2022-10-09 17:53:00,55,2022-10-09 17:53:00
YB,10/10/2022,456316,4670799,0,"0,6","1,2",64,41,"4,6",2022-10-10 14:46:00,162,2022-10-10 14:46:00
YB,11/10/2022,456316,4670799,0,"0,2","0,7",55,340,4,2022-10-11 16:13:00,109,2022-10-11 16:13:00
YB,12/10/2022,456316,4670799,"0,6","0,2","0,8",171,237,"5,3",2022-10-12 12:52:00,62,2022-10-12 12:52:00
YB,13/10/2022,456316,4670799,0,"0,2","0,8",51,267,"4,7",2022-10-13 12:17:00,57,2022-10-13 12:17:00
YB,14/10/2022,456316,4670799,0,0,"0,8",353,262,"4,8",2022-10-14 12:13:00,41,2022-10-14 12:13:00
YB,15/10/2022,456316,4670799,0,"0,9","1,5",45,308,"8,3",2022-10-15 13:39:00,45,2022-10-15 13:39:00
YB,16/10/2022,456316,4670799,0,"0,4","1,1",181,229,"6,3",2022-10-16 14:27:00,150,2022-10-16 14:27:00
YB,17/10/2022,456316,4670799,0,"0,1","0,7",257,263,4,2022-10-17 12:01:00,46,2022-10-17 12:01:00
YB,18/10/2022,456316,4670799,0,"0,4","0,9",37,283,"5,4",2022-10-18 14:28:00,61,2022-10-18 14:28:00
YB,19/10/2022,456316,4670799,0,"0,4","0,9",28,308,"5,3",2022-10-19 13:47:00,49,2022-10-19 13:47:00
YB,20/10/2022,456316,4670799,"0,7","0,4","1,2",237,256,8,2022-10-20 11:18:00,211,2022-10-20 11:18:00
YB,21/10/2022,456316,4670799,0,"1,1","1,6",214,219,"8,5",2022-10-21 14:26:00,206,2022-10-21 14:26:00
YB,22/10/2022,456316,4670799,0,"0,9","1,3",233,240,"8,4",2022-10-22 12:45:00,205,2022-10-22 12:45:00
YB,23/10/2022,456316,4670799,"0,1","0,7","1,3",250,244,"10,3",2022-10-23 13:24:00,291,2022-10-23 13:24:00
YB,24/10/2022,456316,4670799,0,"1,2","1,6",231,241,11,2022-10-24 12:32:00,254,2022-10-24 12:32:00
YB,25/10/2022,456316,4670799,0,"0,6","0,9",239,255,"6,6",2022-10-25 12:48:00,248,2022-10-25 12:48:00
YB,26/10/2022,456316,4670799,0,"0,5","1,2",50,257,8,2022-10-26 12:23:00,49,2022-10-26 12:23:00
YB,27/10/2022,456316,4670799,0,"0,6",1,46,283,"6,4",2022-10-27 13:11:00,47,2022-10-27 13:11:00
YB,28/10/2022,456316,4670799,0,"0,1","0,8",5,279,"4,3",2022-10-28 15:55:00,56,2022-10-28 15:55:00
YB,29/10/2022,456316,4670799,0,"0,1","0,7",6,275,"4,8",2022-10-29 14:18:00,61,2022-10-29 14:18:00
YB,30/10/2022,456316,4670799,0,"0,2","0,8",356,282,"4,2",2022-10-30 13:20:00,56,2022-10-30 13:20:00
YB,31/10/2022,456316,4670799,"0,1","1,3","1,7",237,239,"8,8",2022-10-31 22:17:00,266,2022-10-31 22:17:00
YB,01/11/2022,456316,4670799,0,"0,2","0,9",83,225,"5,7",2022-11-01 00:22:00,261,2022-11-01 00:22:00
YB,02/11/2022,456316,4670799,0,"0,2","0,7",25,271,6,2022-11-02 15:01:00,58,2022-11-02 15:01:00
YB,03/11/2022,456316,4670799,2,"1,6","2,1",226,236,"10,1",2022-11-03 13:28:00,244,2022-11-03 13:28:00
YB,04/11/2022,456316,4670799,"0,7",1,"1,9",306,295,"16,4",2022-11-04 14:54:00,278,2022-11-04 14:54:00
YB,05/11/2022,456316,4670799,0,"0,3","0,9",247,239,"4,8",2022-11-05 14:34:00,54,2022-11-05 14:34:00
YB,06/11/2022,456316,4670799,0,"0,2","0,8",39,271,"4,7",2022-11-06 12:17:00,60,2022-11-06 12:17:00
YB,07/11/2022,456316,4670799,0,"0,7","1,2",215,236,"6,1",2022-11-07 23:18:00,237,2022-11-07 23:18:00
YB,08/11/2022,456316,4670799,0,"1,6","2,2",234,249,"9,6",2022-11-08 12:46:00,178,2022-11-08 12:46:00
YB,09/11/2022,456316,4670799,0,"0,5",1,283,280,"5,3",2022-11-09 04:52:00,265,2022-11-09 04:52:00
YB,10/11/2022,456316,4670799,"0,1","0,1","0,7",113,246,"4,5",2022-11-10 13:40:00,56,2022-11-10 13:40:00
YB,11/11/2022,456316,4670799,0,"0,1","0,8",70,262,"4,6",2022-11-11 13:32:00,61,2022-11-11 13:32:00
YB,12/11/2022,456316,4670799,0,"0,2","0,6",292,285,"2,9",2022-11-12 12:04:00,51,2022-11-12 12:04:00
YB,13/11/2022,456316,4670799,"0,1","0,4","1,1",28,304,"7,2",2022-11-13 14:14:00,43,2022-11-13 14:14:00
YB,14/11/2022,456316,4670799,0,"1,2","1,6",210,231,"7,8",2022-11-14 11:02:00,168,2022-11-14 11:02:00
YB,15/11/2022,456316,4670799,0,"2,5",3,220,228,"11,7",2022-11-15 14:29:00,251,2022-11-15 14:29:00
YB,16/11/2022,456316,4670799,0,"0,8","1,1",224,241,"7,4",2022-11-16 12:42:00,202,2022-11-16 12:42:00
YB,17/11/2022,456316,4670799,"2,8","0,7","1,4",56,285,"7,5",2022-11-17 15:12:00,59,2022-11-17 15:12:00
YB,18/11/2022,456316,4670799,"14,3","0,1","0,7",19,268,"4,8",2022-11-18 14:41:00,59,2022-11-18 14:41:00
YB,19/11/2022,456316,4670799,0,"0,2","0,7",222,245,"4,5",2022-11-19 14:52:00,71,2022-11-19 14:52:00
YB,20/11/2022,456316,4670799,0,"0,1","0,8",310,264,"3,9",2022-11-20 13:38:00,55,2022-11-20 13:38:00
YB,21/11/2022,456316,4670799,"9,7","0,8","1,5",241,252,"9,3",2022-11-21 11:24:00,234,2022-11-21 11:24:00
YB,22/11/2022,456316,4670799,"0,2","1,1","1,6",228,239,"9,8",2022-11-22 11:12:00,183,2022-11-22 11:12:00
YB,23/11/2022,456316,4670799,0,"0,1","0,7",247,246,"4,4",2022-11-23 14:31:00,30,2022-11-23 14:31:00
YB,24/11/2022,456316,4670799,0,"1,8","2,2",226,238,"10,3",2022-11-24 14:04:00,245,2022-11-24 14:04:00
YB,25/11/2022,456316,4670799,"4,3","0,1","0,9",276,249,"7,4",2022-11-25 13:17:00,63,2022-11-25 13:17:00
YB,26/11/2022,456316,4670799,0,"0,4","0,7",247,248,"3,4",2022-11-26 00:53:00,227,2022-11-26 00:53:00
YB,27/11/2022,456316,4670799,0,"0,2","0,9",38,270,"6,2",2022-11-27 14:49:00,53,2022-11-27 14:49:00
YB,28/11/2022,456316,4670799,0,"0,3","0,8",244,239,"6,3",2022-11-28 09:27:00,295,2022-11-28 09:27:00
YB,29/11/2022,456316,4670799,"0,2",,1,,227,6,2022-11-29 12:24:00,66,2022-11-29 12:24:00
YB,30/11/2022,456316,4670799,"0,1",,1,,247,"5,7",2022-11-30 13:16:00,42,2022-11-30 13:16:00
YB,01/12/2022,456316,4670799,0,"0,1","0,6",254,265,"3,7",2022-12-01 15:09:00,76,2022-12-01 15:09:00
YB,02/12/2022,456316,4670799,0,"0,1","0,7",10,270,"4,9",2022-12-02 14:12:00,65,2022-12-02 14:12:00
YB,03/12/2022,456316,4670799,"0,1","0,7",1,214,244,"7,7",2022-12-03 17:10:00,204,2022-12-03 17:10:00
YB,04/12/2022,456316,4670799,0,"0,9","1,2",243,248,"10,7",2022-12-04 13:54:00,262,2022-12-04 13:54:00
YB,05/12/2022,456316,4670799,0,"0,1","0,7",42,262,"4,4",2022-12-05 17:03:00,53,2022-12-05 17:03:00
YB,06/12/2022,456316,4670799,0,"0,2","0,5",237,251,"2,7",2022-12-06 15:00:00,72,2022-12-06 15:00:00
YB,07/12/2022,456316,4670799,0,"0,3","0,7",42,266,"4,9",2022-12-07 13:18:00,51,2022-12-07 13:18:00
YB,08/12/2022,456316,4670799,"1,3","0,4","0,9",188,193,"6,2",2022-12-08 23:25:00,169,2022-12-08 23:25:00
YB,09/12/2022,456316,4670799,"2,2","0,5","1,8",189,134,"11,4",2022-12-09 01:43:00,271,2022-12-09 01:43:00
YB,10/12/2022,456316,4670799,"0,6","0,4","1,2",145,178,"5,9",2022-12-10 13:01:00,173,2022-12-10 13:01:00
YB,11/12/2022,456316,4670799,0,"0,2","0,9",221,275,"7,1",2022-12-11 13:52:00,227,2022-12-11 13:52:00
YB,12/12/2022,456316,4670799,"1,9","0,5","0,9",237,250,"5,9",2022-12-12 12:30:00,181,2022-12-12 12:30:00
YB,13/12/2022,456316,4670799,"0,4","0,1","0,7",249,231,"3,9",2022-12-13 18:29:00,90,2022-12-13 18:29:00
YB,14/12/2022,456316,4670799,"3,1","0,2","0,9",57,246,"4,3",2022-12-14 11:57:00,58,2022-12-14 11:57:00
YB,15/12/2022,456316,4670799,"2,9","0,6",1,228,237,"9,3",2022-12-15 11:57:00,194,2022-12-15 11:57:00
YB,16/12/2022,456316,4670799,"3,2","0,3","0,8",48,34,"5,2",2022-12-16 13:21:00,34,2022-12-16 13:21:00
YB,17/12/2022,456316,4670799,"0,1","0,4","1,1",32,299,"6,3",2022-12-17 12:28:00,53,2022-12-17 12:28:00
YB,18/12/2022,456316,4670799,0,1,"1,6",227,247,"7,8",2022-12-18 14:06:00,196,2022-12-18 14:06:00
YB,19/12/2022,456316,4670799,0,2,"2,8",214,217,"11,1",2022-12-19 18:58:00,218,2022-12-19 18:58:00
YB,20/12/2022,456316,4670799,0,"0,7","1,4",231,241,"8,1",2022-12-20 20:31:00,196,2022-12-20 20:31:00
YB,21/12/2022,456316,4670799,0,"0,7","1,1",212,247,"9,1",2022-12-21 00:34:00,247,2022-12-21 00:34:00
YB,22/12/2022,456316,4670799,0,"0,1","0,9",261,252,"3,9",2022-12-22 14:46:00,58,2022-12-22 14:46:00
YB,23/12/2022,456316,4670799,0,0,"0,8",60,257,"4,9",2022-12-23 15:42:00,68,2022-12-23 15:42:00
YB,24/12/2022,456316,4670799,0,"0,2","0,7",46,270,"5,3",2022-12-24 13:57:00,62,2022-12-24 13:57:00
YB,25/12/2022,456316,4670799,0,"1,8","2,4",224,238,"8,5",2022-12-25 12:30:00,157,2022-12-25 12:30:00
YB,26/12/2022,456316,4670799,0,"0,6","1,7",228,253,9,2022-12-26 11:42:00,185,2022-12-26 11:42:00
YB,27/12/2022,456316,4670799,0,0,"0,7",153,252,"5,1",2022-12-27 15:29:00,51,2022-12-27 15:29:00
YB,28/12/2022,456316,4670799,0,"1,7","2,1",216,235,"10,4",2022-12-28 11:43:00,179,2022-12-28 11:43:00
YB,29/12/2022,456316,4670799,0,"0,5",1,217,245,"7,7",2022-12-29 13:28:00,237,2022-12-29 13:28:00
YB,30/12/2022,456316,4670799,0,"1,1","1,6",223,229,"11,7",2022-12-30 05:51:00,208,2022-12-30 05:51:00
YB,31/12/2022,456316,4670799,0,1,"1,5",196,220,"9,2",2022-12-31 15:25:00,188,2022-12-31 15:25:00
YB,01/01/2023,456316,4670799,0,"0,4","0,9",208,242,"7,4",2023-01-01 13:50:00,190,2023-01-01 13:50:00
YB,02/01/2023,456316,4670799,0,"0,1","0,5",46,250,"6,4",2023-01-02 13:14:00,55,2023-01-02 13:14:00
YB,03/01/2023,456316,4670799,0,"0,1","0,7",125,234,5,2023-01-03 13:48:00,44,2023-01-03 13:48:00
YB,04/01/2023,456316,4670799,0,"0,1","0,6",264,250,"4,5",2023-01-04 15:06:00,67,2023-01-04 15:06:00
YB,05/01/2023,456316,4670799,0,"0,4","0,5",247,250,"3,8",2023-01-05 16:14:00,262,2023-01-05 16:14:00
YB,06/01/2023,456316,4670799,0,"0,2","0,6",42,273,4,2023-01-06 15:00:00,55,2023-01-06 15:00:00
YB,07/01/2023,456316,4670799,0,"0,8","1,4",207,233,"9,1",2023-01-07 13:46:00,209,2023-01-07 13:46:00
YB,08/01/2023,456316,4670799,0,"1,3","2,1",205,216,"12,6",2023-01-08 03:09:00,182,2023-01-08 03:09:00
YB,09/01/2023,456316,4670799,0,"0,1",1,348,246,"7,4",2023-01-09 12:34:00,272,2023-01-09 12:34:00
YB,10/01/2023,456316,4670799,0,"0,1","0,8",266,257,"4,8",2023-01-10 12:25:00,55,2023-01-10 12:25:00
YB,11/01/2023,456316,4670799,0,"0,3","0,7",211,246,"4,4",2023-01-11 13:35:00,148,2023-01-11 13:35:00
YB,12/01/2023,456316,4670799,0,"0,2",1,33,250,"4,9",2023-01-12 14:02:00,54,2023-01-12 14:02:00
YB,13/01/2023,456316,4670799,0,"0,1","0,8",256,251,"4,4",2023-01-13 15:52:00,51,2023-01-13 15:52:00
YB,14/01/2023,456316,4670799,0,"0,4","0,8",198,235,"6,2",2023-01-14 13:18:00,180,2023-01-14 13:18:00
YB,15/01/2023,456316,4670799,"0,3",1,"1,4",52,35,"6,4",2023-01-15 16:39:00,57,2023-01-15 16:39:00
YB,16/01/2023,456316,4670799,"0,1","1,5","2,1",207,224,"10,2",2023-01-16 07:24:00,210,2023-01-16 07:24:00
YB,17/01/2023,456316,4670799,"1,5","0,2","1,6",81,83,"8,8",2023-01-17 12:29:00,306,2023-01-17 12:29:00
YB,18/01/2023,456316,4670799,0,"0,6","1,1",247,251,"7,3",2023-01-18 15:20:00,269,2023-01-18 15:20:00
YB,19/01/2023,456316,4670799,"0,5","1,5","2,4",238,235,"10,2",2023-01-19 20:36:00,219,2023-01-19 20:36:00
YB,20/01/2023,456316,4670799,0,"0,7","1,6",270,268,"8,6",2023-01-20 06:36:00,293,2023-01-20 06:36:00
YB,21/01/2023,456316,4670799,0,"1,5","2,8",340,326,"17,4",2023-01-21 14:35:00,294,2023-01-21 14:35:00
YB,22/01/2023,456316,4670799,0,"0,6","2,2",12,276,"14,2",2023-01-22 10:42:00,356,2023-01-22 10:42:00
YB,23/01/2023,456316,4670799,0,"0,2","0,8",272,261,"4,5",2023-01-23 14:31:00,55,2023-01-23 14:31:00
YB,24/01/2023,456316,4670799,"4,4","0,3","0,7",244,251,"5,3",2023-01-24 10:38:00,98,2023-01-24 10:38:00
YB,25/01/2023,456316,4670799,0,"0,5","0,8",229,236,"4,1",2023-01-25 14:39:00,229,2023-01-25 14:39:00
YB,26/01/2023,456316,4670799,0,0,"0,8",154,254,"5,5",2023-01-26 13:52:00,52,2023-01-26 13:52:00
YB,27/01/2023,456316,4670799,0,"0,1","0,8",350,258,"4,1",2023-01-27 15:13:00,47,2023-01-27 15:13:00
YB,28/01/2023,456316,4670799,0,"0,2","0,9",85,276,"4,7",2023-01-28 14:44:00,83,2023-01-28 14:44:00
YB,29/01/2023,456316,4670799,0,0,"0,8",157,274,"4,4",2023-01-29 16:10:00,135,2023-01-29 16:10:00
YB,30/01/2023,456316,4670799,0,"0,1","0,8",17,262,"6,5",2023-01-30 14:29:00,53,2023-01-30 14:29:00
YB,31/01/2023,456316,4670799,0,"0,1",1,41,250,6,2023-01-31 13:03:00,52,2023-01-31 13:03:00
YB,01/02/2023,456316,4670799,0,"0,2","0,7",210,240,"4,8",2023-02-01 14:11:00,86,2023-02-01 14:11:00
YB,02/02/2023,456316,4670799,0,0,"0,9",318,262,"4,4",2023-02-02 13:24:00,53,2023-02-02 13:24:00
YB,03/02/2023,456316,4670799,0,"0,3","1,1",46,257,"5,8",2023-02-03 14:20:00,54,2023-02-03 14:20:00
YB,04/02/2023,456316,4670799,0,"0,1","1,1",273,250,"9,3",2023-02-04 15:52:00,60,2023-02-04 15:52:00
YB,05/02/2023,456316,4670799,0,"0,4","1,2",47,256,6,2023-02-05 14:34:00,51,2023-02-05 14:34:00
YB,06/02/2023,456316,4670799,0,"0,8","1,7",55,32,"9,3",2023-02-06 11:35:00,47,2023-02-06 11:35:00
YB,07/02/2023,456316,4670799,"50,5",,,,,"6,2",2023-02-07 11:45:00,27,2023-02-07 11:45:00
YB,08/02/2023,456316,4670799,"3,6",,,,,,,,
YB,09/02/2023,456316,4670799,0,,,,,5,2023-02-09 12:11:00,153,2023-02-09 12:11:00
YB,10/02/2023,456316,4670799,0,"0,4","0,8",224,241,"4,7",2023-02-10 12:19:00,155,2023-02-10 12:19:00
YB,11/02/2023,456316,4670799,0,"0,3","0,9",26,282,5,2023-02-11 16:24:00,56,2023-02-11 16:24:00
YB,12/02/2023,456316,4670799,0,"0,3","1,1",27,275,"6,3",2023-02-12 15:54:00,51,2023-02-12 15:54:00
YB,13/02/2023,456316,4670799,0,"0,4",1,36,290,"5,2",2023-02-13 16:09:00,57,2023-02-13 16:09:00
YB,14/02/2023,456316,4670799,0,"0,8","1,3",55,263,"8,6",2023-02-14 12:45:00,59,2023-02-14 12:45:00
YB,15/02/2023,456316,4670799,0,"0,3","1,2",69,246,"6,3",2023-02-15 14:45:00,28,2023-02-15 14:45:00
YB,16/02/2023,456316,4670799,0,0,"0,8",32,260,"5,3",2023-02-16 14:10:00,69,2023-02-16 14:10:00
YB,17/02/2023,456316,4670799,0,"0,1","0,8",223,252,"4,4",2023-02-17 13:56:00,47,2023-02-17 13:56:00
YB,18/02/2023,456316,4670799,0,"0,3","0,9",59,260,"5,5",2023-02-18 16:07:00,59,2023-02-18 16:07:00
YB,19/02/2023,456316,4670799,0,0,"0,7",228,263,5,2023-02-19 13:47:00,108,2023-02-19 13:47:00
YB,20/02/2023,456316,4670799,0,"1,1","1,6",54,291,"7,1",2023-02-20 13:00:00,58,2023-02-20 13:00:00
YB,21/02/2023,456316,4670799,0,1,"1,4",51,26,"7,8",2023-02-21 13:29:00,51,2023-02-21 13:29:00
YB,22/02/2023,456316,4670799,"11,5","0,2","0,9",92,308,"5,7",2023-02-22 15:04:00,78,2023-02-22 15:04:00
YB,23/02/2023,456316,4670799,"1,6","0,4","1,1",106,157,"4,5",2023-02-23 13:25:00,153,2023-02-23 13:25:00
YB,24/02/2023,456316,4670799,"5,8","0,3","1,4",226,228,"7,5",2023-02-24 01:39:00,275,2023-02-24 01:39:00
YB,25/02/2023,456316,4670799,"5,5","0,1","0,7",313,273,"3,9",2023-02-25 16:20:00,66,2023-02-25 16:20:00
YB,26/02/2023,456316,4670799,"1,7","0,8","1,6",21,347,"12,9",2023-02-26 19:13:00,8,2023-02-26 19:13:00
YB,27/02/2023,456316,4670799,0,"0,1","1,1",255,248,"10,9",2023-02-27 22:33:00,54,2023-02-27 22:33:00
YB,28/02/2023,456316,4670799,0,"1,5","2,1",66,47,"13,9",2023-02-28 01:51:00,81,2023-02-28 01:51:00
YB,01/03/2023,456316,4670799,0,"0,5","1,2",71,226,"7,4",2023-03-01 16:17:00,55,2023-03-01 16:17:00
YB,02/03/2023,456316,4670799,"0,3","0,2","0,8",131,215,"4,2",2023-03-02 16:26:00,124,2023-03-02 16:26:00
YB,03/03/2023,456316,4670799,0,"0,3","1,1",110,227,"6,5",2023-03-03 13:50:00,49,2023-03-03 13:50:00
YB,04/03/2023,456316,4670799,0,"0,5","1,3",46,292,"7,4",2023-03-04 13:17:00,21,2023-03-04 13:17:00
YB,05/03/2023,456316,4670799,0,"0,2",1,60,271,"6,2",2023-03-05 16:41:00,52,2023-03-05 16:41:00
YB,06/03/2023,456316,4670799,0,"0,3","1,1",50,293,"6,1",2023-03-06 13:45:00,58,2023-03-06 13:45:00
YB,07/03/2023,456316,4670799,0,"0,9","1,5",220,246,"10,9",2023-03-07 14:36:00,229,2023-03-07 14:36:00
YB,08/03/2023,456316,4670799,0,"1,3","1,9",215,226,"10,7",2023-03-08 13:31:00,239,2023-03-08 13:31:00
YB,09/03/2023,456316,4670799,0,"1,2","1,8",232,241,"10,8",2023-03-09 15:47:00,250,2023-03-09 15:47:00
YB,10/03/2023,456316,4670799,0,"0,6","1,4",43,327,"7,3",2023-03-10 12:52:00,51,2023-03-10 12:52:00
YB,11/03/2023,456316,4670799,0,"0,2","1,2",195,226,"6,5",2023-03-11 15:53:00,49,2023-03-11 15:53:00
YB,12/03/2023,456316,4670799,0,"0,5","1,3",46,301,"6,7",2023-03-12 15:37:00,87,2023-03-12 15:37:00
YB,13/03/2023,456316,4670799,0,"2,8","3,5",219,228,"18,3",2023-03-13 14:37:00,233,2023-03-13 14:37:00
YB,14/03/2023,456316,4670799,0,"0,5","1,6",96,206,"9,5",2023-03-14 15:00:00,55,2023-03-14 15:00:00
YB,15/03/2023,456316,4670799,0,"0,2","1,2",118,245,"6,2",2023-03-15 11:12:00,60,2023-03-15 11:12:00
YB,16/03/2023,456316,4670799,0,"1,2","1,7",38,338,"7,8",2023-03-16 12:40:00,54,2023-03-16 12:40:00
YB,17/03/2023,456316,4670799,0,"0,5","1,2",162,238,"7,7",2023-03-17 13:16:00,103,2023-03-17 13:16:00
YB,18/03/2023,456316,4670799,9,"0,7","1,5",49,346,"6,9",2023-03-18 13:55:00,49,2023-03-18 13:55:00
YB,19/03/2023,456316,4670799,"12,7","0,2","0,9",280,259,"8,8",2023-03-19 12:52:00,339,2023-03-19 12:52:00
YB,20/03/2023,456316,4670799,0,"0,4","1,2",79,157,"5,2",2023-03-20 19:10:00,40,2023-03-20 19:10:00
YB,21/03/2023,456316,4670799,0,"0,4","1,2",65,275,"5,7",2023-03-21 13:08:00,53,2023-03-21 13:08:00
YB,22/03/2023,456316,4670799,0,"0,8","1,4",37,307,"8,2",2023-03-22 15:12:00,55,2023-03-22 15:12:00
YB,23/03/2023,456316,4670799,0,"1,3",2,51,52,"8,4",2023-03-23 23:13:00,209,2023-03-23 23:13:00
YB,24/03/2023,456316,4670799,0,"0,4","1,9",45,304,"8,1",2023-03-24 09:53:00,54,2023-03-24 09:53:00
YB,25/03/2023,456316,4670799,0,"1,4",2,208,233,10,2023-03-25 14:44:00,239,2023-03-25 14:44:00
YB,26/03/2023,456316,4670799,0,"0,4","1,7",99,222,11,2023-03-26 12:22:00,39,2023-03-26 12:22:00
YB,27/03/2023,456316,4670799,0,"0,9","1,7",108,119,"7,2",2023-03-27 14:34:00,119,2023-03-27 14:34:00
YB,28/03/2023,456316,4670799,0,"1,1","1,7",54,42,8,2023-03-28 13:34:00,61,2023-03-28 13:34:00
YB,29/03/2023,456316,4670799,0,"1,5",2,50,1,"9,4",2023-03-29 14:42:00,58,2023-03-29 14:42:00
YB,30/03/2023,456316,4670799,0,"0,4","1,7",74,311,"7,9",2023-03-30 06:20:00,57,2023-03-30 06:20:00
YB,31/03/2023,456316,4670799,0,"0,8","1,9",81,77,8,2023-03-31 11:32:00,75,2023-03-31 11:32:00
YB,01/04/2023,456316,4670799,"24,6","0,3","1,3",137,231,"11,3",2023-04-01 16:08:00,39,2023-04-01 16:08:00
YB,02/04/2023,456316,4670799,0,"0,6",2,305,276,"11,1",2023-04-02 14:42:00,325,2023-04-02 14:42:00
YB,03/04/2023,456316,4670799,0,"0,5","1,6",174,232,"8,8",2023-04-03 15:57:00,150,2023-04-03 15:57:00
YB,04/04/2023,456316,4670799,0,"0,4","1,3",107,233,"7,3",2023-04-04 13:23:00,118,2023-04-04 13:23:00
YB,05/04/2023,456316,4670799,0,"0,3","1,2",93,274,"8,6",2023-04-05 13:34:00,138,2023-04-05 13:34:00
YB,06/04/2023,456316,4670799,0,"0,3","1,3",81,265,"7,4",2023-04-06 15:21:00,156,2023-04-06 15:21:00
YB,07/04/2023,456316,4670799,0,"0,5","1,2",66,317,"7,9",2023-04-07 14:09:00,54,2023-04-07 14:09:00
YB,08/04/2023,456316,4670799,0,"0,3","1,1",91,242,"6,4",2023-04-08 12:50:00,58,2023-04-08 12:50:00
YB,09/04/2023,456316,4670799,0,"0,6","1,4",50,312,"5,8",2023-04-09 13:15:00,39,2023-04-09 13:15:00
YB,10/04/2023,456316,4670799,0,"0,1","0,9",164,264,"6,2",2023-04-10 15:12:00,126,2023-04-10 15:12:00
YB,11/04/2023,456316,4670799,0,"0,8","1,4",49,339,"8,6",2023-04-11 14:00:00,61,2023-04-11 14:00:00
YB,12/04/2023,456316,4670799,"0,2",1,"1,8",92,114,"9,1",2023-04-12 10:03:00,39,2023-04-12 10:03:00
YB,13/04/2023,456316,4670799,"0,6","0,6","1,4",92,185,"8,1",2023-04-13 11:29:00,97,2023-04-13 11:29:00
YB,14/04/2023,456316,4670799,"2,6","0,3","1,3",71,254,"7,3",2023-04-14 13:53:00,49,2023-04-14 13:53:00
YB,15/04/2023,456316,4670799,0,0,2,316,262,"13,6",2023-04-15 19:15:00,271,2023-04-15 19:15:00
YB,16/04/2023,456316,4670799,0,"0,3","1,6",169,214,8,2023-04-16 13:54:00,71,2023-04-16 13:54:00
YB,17/04/2023,456316,4670799,0,"0,6","1,6",133,209,"8,3",2023-04-17 14:24:00,147,2023-04-17 14:24:00
YB,18/04/2023,456316,4670799,"1,4","0,3","1,2",181,242,"10,6",2023-04-18 12:43:00,52,2023-04-18 12:43:00
YB,19/04/2023,456316,4670799,0,"0,2","1,2",96,251,"7,5",2023-04-19 12:02:00,47,2023-04-19 12:02:00
YB,20/04/2023,456316,4670799,"0,7","0,3","1,2",73,279,"7,2",2023-04-20 12:41:00,58,2023-04-20 12:41:00
YB,21/04/2023,456316,4670799,"0,1","0,7","1,8",181,221,"9,3",2023-04-21 18:12:00,200,2023-04-21 18:12:00
YB,22/04/2023,456316,4670799,0,"0,9",2,174,196,"9,2",2023-04-22 11:48:00,209,2023-04-22 11:48:00
YB,23/04/2023,456316,4670799,3,"0,4","1,4",148,205,"8,3",2023-04-23 15:18:00,52,2023-04-23 15:18:00
YB,24/04/2023,456316,4670799,"0,1","0,5","1,2",85,21,"6,4",2023-04-24 13:55:00,142,2023-04-24 13:55:00
YB,25/04/2023,456316,4670799,"1,7","0,4","1,1",29,322,"7,2",2023-04-25 15:09:00,62,2023-04-25 15:09:00
YB,26/04/2023,456316,4670799,"0,4","0,3","0,9",18,306,"5,3",2023-04-26 14:12:00,58,2023-04-26 14:12:00
YB,27/04/2023,456316,4670799,"5,3","0,7","1,3",27,317,"7,4",2023-04-27 14:18:00,55,2023-04-27 14:18:00
YB,28/04/2023,456316,4670799,"0,1","1,3","1,7",47,353,"7,1",2023-04-28 12:57:00,56,2023-04-28 12:57:00
YB,29/04/2023,456316,4670799,"15,1","0,6","1,5",58,15,"7,4",2023-04-29 12:13:00,63,2023-04-29 12:13:00
YB,30/04/2023,456316,4670799,"28,3","0,2",1,267,280,"7,4",2023-04-30 16:02:00,250,2023-04-30 16:02:00
YB,01/05/2023,456316,4670799,"0,1","0,6","1,3",197,225,"8,5",2023-05-01 14:00:00,148,2023-05-01 14:00:00
YB,02/05/2023,456316,4670799,0,"0,4","1,1",210,245,"7,5",2023-05-02 16:02:00,135,2023-05-02 16:02:00
YB,03/05/2023,456316,4670799,0,"0,7","1,3",42,335,"7,5",2023-05-03 13:29:00,68,2023-05-03 13:29:00
YB,04/05/2023,456316,4670799,0,"0,5","1,7",163,212,"8,3",2023-05-04 07:15:00,205,2023-05-04 07:15:00
YB,05/05/2023,456316,4670799,0,"1,1","1,7",48,7,"8,3",2023-05-05 11:25:00,52,2023-05-05 11:25:00
YB,06/05/2023,456316,4670799,0,"1,1","1,6",40,353,"8,6",2023-05-06 14:34:00,21,2023-05-06 14:34:00
YB,07/05/2023,456316,4670799,"3,5","0,1","1,2",24,269,"13,2",2023-05-07 13:02:00,50,2023-05-07 13:02:00
YB,08/05/2023,456316,4670799,0,"0,5","1,1",202,238,"6,5",2023-05-08 15:47:00,130,2023-05-08 15:47:00
YB,09/05/2023,456316,4670799,"4,9",0,1,46,279,"6,6",2023-05-09 13:46:00,65,2023-05-09 13:46:00
YB,10/05/2023,456316,4670799,"9,9","0,4","1,4",77,1,"11,1",2023-05-10 14:35:00,61,2023-05-10 14:35:00
YB,11/05/2023,456316,4670799,"11,1","0,4","1,1",204,239,"7,1",2023-05-11 10:52:00,167,2023-05-11 10:52:00
YB,12/05/2023,456316,4670799,"1,1","0,2","0,9",254,250,"5,7",2023-05-12 11:40:00,74,2023-05-12 11:40:00
YB,13/05/2023,456316,4670799,2,"0,1","0,7",323,295,"4,1",2023-05-13 13:39:00,139,2023-05-13 13:39:00
YB,14/05/2023,456316,4670799,"0,3","0,4","1,1",179,219,"6,1",2023-05-14 13:16:00,154,2023-05-14 13:16:00
YB,15/05/2023,456316,4670799,0,"0,4","1,3",313,295,"8,9",2023-05-15 13:28:00,303,2023-05-15 13:28:00
YB,16/05/2023,456316,4670799,0,"0,4","1,5",324,277,9,2023-05-16 13:56:00,6,2023-05-16 13:56:00
YB,17/05/2023,456316,4670799,0,"0,5","1,5",168,232,"8,4",2023-05-17 14:49:00,138,2023-05-17 14:49:00
YB,18/05/2023,456316,4670799,0,"0,3","0,8",240,259,"4,3",2023-05-18 10:57:00,143,2023-05-18 10:57:00
YB,19/05/2023,456316,4670799,"1,3","0,2","1,1",180,242,"8,1",2023-05-19 15:50:00,85,2023-05-19 15:50:00
YB,20/05/2023,456316,4670799,"0,4","0,5","1,2",201,231,"6,8",2023-05-20 15:31:00,188,2023-05-20 15:31:00
YB,21/05/2023,456316,4670799,0,"0,5","0,9",182,223,"4,3",2023-05-21 17:52:00,132,2023-05-21 17:52:00
YB,22/05/2023,456316,4670799,"3,1","0,4","0,7",265,266,"6,8",2023-05-22 16:39:00,25,2023-05-22 16:39:00
YB,23/05/2023,456316,4670799,"0,9","0,2","1,2",6,285,"7,5",2023-05-23 16:17:00,101,2023-05-23 16:17:00
YB,24/05/2023,456316,4670799,"0,9","0,4","1,1",194,246,"8,5",2023-05-24 14:48:00,196,2023-05-24 14:48:00
YB,25/05/2023,456316,4670799,"17,1","0,2","0,9",226,248,"7,8",2023-05-25 12:06:00,16,2023-05-25 12:06:00
YB,26/05/2023,456316,4670799,"1,5","0,1","0,8",142,235,"5,5",2023-05-26 11:55:00,58,2023-05-26 11:55:00
YB,27/05/2023,456316,4670799,0,"0,6","1,2",177,231,"6,4",2023-05-27 15:04:00,156,2023-05-27 15:04:00
YB,28/05/2023,456316,4670799,0,"0,3","1,3",44,300,"7,5",2023-05-28 12:42:00,155,2023-05-28 12:42:00
YB,29/05/2023,456316,4670799,0,"0,9","1,5",103,151,"7,9",2023-05-29 10:41:00,124,2023-05-29 10:41:00
YB,30/05/2023,456316,4670799,0,"0,3","1,2",329,293,"8,6",2023-05-30 14:16:00,26,2023-05-30 14:16:00
YB,31/05/2023,456316,4670799,"0,5","0,2",1,101,241,"6,8",2023-05-31 16:52:00,51,2023-05-31 16:52:00
YB,01/06/2023,456316,4670799,"36,8","0,5","0,9",276,276,"10,5",2023-06-01 13:10:00,310,2023-06-01 13:10:00
YB,02/06/2023,456316,4670799,"0,1","0,1","0,9",203,259,"6,1",2023-06-02 15:43:00,205,2023-06-02 15:43:00
YB,03/06/2023,456316,4670799,"45,1","0,3","0,9",239,269,"9,4",2023-06-03 12:19:00,37,2023-06-03 12:19:00
YB,04/06/2023,456316,4670799,"1,1","0,1",1,228,270,"6,4",2023-06-04 11:49:00,53,2023-06-04 11:49:00
YB,05/06/2023,456316,4670799,"1,8","0,3","0,8",288,279,"6,6",2023-06-05 13:21:00,48,2023-06-05 13:21:00
YB,06/06/2023,456316,4670799,8,"0,1","1,1",20,284,"8,9",2023-06-06 12:42:00,2,2023-06-06 12:42:00
YB,07/06/2023,456316,4670799,0,1,"1,4",207,237,"6,8",2023-06-07 12:10:00,183,2023-06-07 12:10:00
YB,08/06/2023,456316,4670799,0,"0,8","1,2",180,220,"6,8",2023-06-08 11:07:00,196,2023-06-08 11:07:00
YB,09/06/2023,456316,4670799,0,"1,5","2,1",202,220,10,2023-06-09 13:03:00,184,2023-06-09 13:03:00
YB,10/06/2023,456316,4670799,"10,8","0,1",1,250,268,"8,3",2023-06-10 12:41:00,182,2023-06-10 12:41:00
YB,11/06/2023,456316,4670799,"0,1","0,5","1,1",232,246,"8,2",2023-06-11 15:30:00,322,2023-06-11 15:30:00
YB,12/06/2023,456316,4670799,0,"0,4","1,2",75,312,9,2023-06-12 13:50:00,52,2023-06-12 13:50:00
YB,13/06/2023,456316,4670799,23,"0,1","1,1",15,275,"8,8",2023-06-13 12:32:00,83,2023-06-13 12:32:00
YB,14/06/2023,456316,4670799,1,"0,4","0,9",250,265,"4,1",2023-06-14 15:43:00,181,2023-06-14 15:43:00
YB,15/06/2023,456316,4670799,0,"0,3",1,204,239,6,2023-06-15 14:49:00,158,2023-06-15 14:49:00
YB,16/06/2023,456316,4670799,0,"0,1","1,1",71,265,"6,6",2023-06-16 14:51:00,62,2023-06-16 14:51:00
YB,17/06/2023,456316,4670799,"0,5","0,6","1,3",9,316,9,2023-06-17 23:49:00,346,2023-06-17 23:49:00
YB,18/06/2023,456316,4670799,0,"0,8","1,5",232,233,"9,2",2023-06-18 08:52:00,209,2023-06-18 08:52:00
YB,19/06/2023,456316,4670799,0,"0,1",1,13,312,"5,3",2023-06-19 11:31:00,63,2023-06-19 11:31:00
YB,20/06/2023,456316,4670799,0,"0,6","1,1",30,356,"6,5",2023-06-20 19:06:00,56,2023-06-20 19:06:00
YB,21/06/2023,456316,4670799,0,"0,5","1,2",99,92,"5,9",2023-06-21 11:17:00,129,2023-06-21 11:17:00
YB,22/06/2023,456316,4670799,"1,1","0,4","1,3",162,224,"6,9",2023-06-22 13:34:00,124,2023-06-22 13:34:00
YB,23/06/2023,456316,4670799,0,"0,4","1,2",151,216,"5,9",2023-06-23 14:13:00,96,2023-06-23 14:13:00
YB,24/06/2023,456316,4670799,0,"0,3","1,2",155,221,"6,6",2023-06-24 15:22:00,79,2023-06-24 15:22:00
YB,25/06/2023,456316,4670799,0,"0,3","1,1",95,271,"6,5",2023-06-25 14:28:00,36,2023-06-25 14:28:00
YB,26/06/2023,456316,4670799,0,"0,3",1,179,245,"5,8",2023-06-26 12:58:00,147,2023-06-26 12:58:00
YB,27/06/2023,456316,4670799,0,"0,3",1,299,277,"6,9",2023-06-27 14:52:00,325,2023-06-27 14:52:00
YB,28/06/2023,456316,4670799,0,"0,2",1,105,252,"7,6",2023-06-28 14:16:00,48,2023-06-28 14:16:00
YB,29/06/2023,456316,4670799,"13,3","0,1","1,1",200,269,"6,9",2023-06-29 15:53:00,14,2023-06-29 15:53:00
YB,30/06/2023,456316,4670799,12,"0,1","1,1",87,294,"7,1",2023-06-30 11:49:00,128,2023-06-30 11:49:00
YB,01/07/2023,456316,4670799,0,"0,1","0,9",139,247,"4,5",2023-07-01 14:49:00,95,2023-07-01 14:49:00
YB,02/07/2023,456316,4670799,0,"0,5","1,2",60,9,"6,4",2023-07-02 17:11:00,52,2023-07-02 17:11:00
YB,03/07/2023,456316,4670799,"3,2","0,3","1,1",67,314,"9,3",2023-07-03 14:13:00,67,2023-07-03 14:13:00
YB,04/07/2023,456316,4670799,"4,6","0,3",1,15,304,"6,7",2023-07-04 16:42:00,340,2023-07-04 16:42:00
YB,05/07/2023,456316,4670799,"0,2","0,1","1,2",57,259,"7,9",2023-07-05 13:10:00,326,2023-07-05 13:10:00
YB,06/07/2023,456316,4670799,"0,6","0,4","1,1",201,238,"5,9",2023-07-06 14:45:00,147,2023-07-06 14:45:00
YB,07/07/2023,456316,4670799,0,"0,4","1,2",114,215,"6,3",2023-07-07 12:44:00,70,2023-07-07 12:44:00
YB,08/07/2023,456316,4670799,0,"0,7","1,4",63,18,7,2023-07-08 14:48:00,64,2023-07-08 14:48:00
YB,09/07/2023,456316,4670799,0,"0,9","1,4",36,347,"8,5",2023-07-09 12:26:00,49,2023-07-09 12:26:00
YB,10/07/2023,456316,4670799,0,"0,3","1,2",73,274,"7,7",2023-07-10 13:34:00,50,2023-07-10 13:34:00
YB,11/07/2023,456316,4670799,"0,1","1,3","1,8",50,48,"7,9",2023-07-11 13:29:00,56,2023-07-11 13:29:00
YB,12/07/2023,456316,4670799,0,"0,8","1,4",107,98,"6,8",2023-07-12 13:29:00,127,2023-07-12 13:29:00
YB,13/07/2023,456316,4670799,0,"0,8","1,4",75,43,"9,8",2023-07-13 14:37:00,101,2023-07-13 14:37:00
YB,14/07/2023,456316,4670799,0,"1,1","1,9",205,224,9,2023-07-14 13:44:00,173,2023-07-14 13:44:00
YB,15/07/2023,456316,4670799,0,1,2,150,185,"9,3",2023-07-15 17:42:00,54,2023-07-15 17:42:00
YB,16/07/2023,456316,4670799,0,"0,3","1,5",66,4,"8,4",2023-07-16 16:51:00,32,2023-07-16 16:51:00
YB,17/07/2023,456316,4670799,0,"0,9","1,6",32,346,"7,8",2023-07-17 13:36:00,34,2023-07-17 13:36:00
YB,18/07/2023,456316,4670799,0,"0,8","1,7",233,250,"11,8",2023-07-18 11:10:00,264,2023-07-18 11:10:00
YB,19/07/2023,456316,4670799,0,"0,8","1,9",74,306,"8,4",2023-07-19 12:45:00,62,2023-07-19 12:45:00
YB,20/07/2023,456316,4670799,0,"0,4","1,6",157,234,8,2023-07-20 15:59:00,29,2023-07-20 15:59:00
YB,21/07/2023,456316,4670799,0,"0,7","1,7",157,205,"9,9",2023-07-21 11:07:00,149,2023-07-21 11:07:00
YB,22/07/2023,456316,4670799,"18,9","0,5","1,5",67,313,"8,3",2023-07-22 16:20:00,24,2023-07-22 16:20:00
YB,23/07/2023,456316,4670799,0,"1,1","1,7",212,229,"10,7",2023-07-23 14:38:00,209,2023-07-23 14:38:00
YB,24/07/2023,456316,4670799,0,"0,9","1,6",80,100,"9,5",2023-07-24 12:32:00,45,2023-07-24 12:32:00
YB,25/07/2023,456316,4670799,0,"0,8","1,7",111,124,9,2023-07-25 13:22:00,111,2023-07-25 13:22:00
YB,26/07/2023,456316,4670799,0,"0,3","1,4",74,314,"7,1",2023-07-26 14:35:00,59,2023-07-26 14:35:00
YB,27/07/2023,456316,4670799,"11,9","1,1","1,8",224,227,"19,3",2023-07-27 20:50:00,309,2023-07-27 20:50:00
YB,28/07/2023,456316,4670799,0,"0,5","1,3",203,241,"7,8",2023-07-28 13:25:00,194,2023-07-28 13:25:00
YB,29/07/2023,456316,4670799,0,"0,5","1,6",195,213,"9,8",2023-07-29 15:47:00,44,2023-07-29 15:47:00
YB,30/07/2023,456316,4670799,0,"0,5","1,4",90,213,"8,6",2023-07-30 14:10:00,38,2023-07-30 14:10:00
YB,31/07/2023,456316,4670799,0,"0,4","1,1",74,278,"7,9",2023-07-31 14:40:00,43,2023-07-31 14:40:00
YB,01/08/2023,456316,4670799,0,"0,6","1,3",72,91,"8,8",2023-08-01 14:10:00,70,2023-08-01 14:10:00
YB,02/08/2023,456316,4670799,0,"0,8","1,8",195,213,"12,3",2023-08-02 11:57:00,204,2023-08-02 11:57:00
YB,03/08/2023,456316,4670799,"0,1","0,7","1,7",85,99,"7,5",2023-08-03 14:00:00,144,2023-08-03 14:00:00
YB,04/08/2023,456316,4670799,0,"0,5","1,5",286,286,"10,2",2023-08-04 14:25:00,264,2023-08-04 14:25:00
YB,05/08/2023,456316,4670799,0,,,,,,,,
YB,06/08/2023,456316,4670799,0,,,,,,,,
YB,07/08/2023,456316,4670799,"0,6",,,,,7,2023-08-07 14:23:00,114,2023-08-07 14:23:00
YB,08/08/2023,456316,4670799,0,"0,3","1,4",34,311,"7,6",2023-08-08 14:21:00,66,2023-08-08 14:21:00
YB,09/08/2023,456316,4670799,0,"0,5","1,2",58,332,"7,3",2023-08-09 15:39:00,56,2023-08-09 15:39:00
YB,10/08/2023,456316,4670799,0,"0,5","1,4",103,189,"6,2",2023-08-10 12:25:00,115,2023-08-10 12:25:00
YB,11/08/2023,456316,4670799,0,"0,5","1,3",134,197,"8,4",2023-08-11 14:19:00,131,2023-08-11 14:19:00
YB,12/08/2023,456316,4670799,"2,2","0,7","1,3",27,324,"8,8",2023-08-12 13:53:00,56,2023-08-12 13:53:00
YB,13/08/2023,456316,4670799,0,"0,4","1,4",84,266,"8,5",2023-08-13 13:02:00,20,2023-08-13 13:02:00
YB,14/08/2023,456316,4670799,0,"1,8","2,1",204,219,"9,3",2023-08-14 15:35:00,163,2023-08-14 15:35:00
YB,15/08/2023,456316,4670799,0,"0,6","1,7",146,226,"8,4",2023-08-15 16:12:00,151,2023-08-15 16:12:00
YB,16/08/2023,456316,4670799,0,"0,3","1,3",96,262,"7,2",2023-08-16 14:05:00,155,2023-08-16 14:05:00
YB,17/08/2023,456316,4670799,0,"0,5","1,4",66,307,"7,5",2023-08-17 12:04:00,63,2023-08-17 12:04:00
YB,18/08/2023,456316,4670799,0,"0,8","1,3",53,27,"7,9",2023-08-18 15:03:00,36,2023-08-18 15:03:00
YB,19/08/2023,456316,4670799,0,"0,4","1,2",63,346,7,2023-08-19 13:09:00,57,2023-08-19 13:09:00
YB,20/08/2023,456316,4670799,0,"0,2","1,1",55,267,"6,5",2023-08-20 12:16:00,67,2023-08-20 12:16:00
YB,21/08/2023,456316,4670799,0,"0,4","1,2",107,213,"9,8",2023-08-21 12:50:00,54,2023-08-21 12:50:00
YB,22/08/2023,456316,4670799,0,"0,2","1,1",112,230,"6,5",2023-08-22 11:47:00,63,2023-08-22 11:47:00
YB,23/08/2023,456316,4670799,0,"0,2",1,33,293,"7,7",2023-08-23 13:49:00,331,2023-08-23 13:49:00
YB,24/08/2023,456316,4670799,0,"0,5","1,2",141,242,"8,9",2023-08-24 14:37:00,145,2023-08-24 14:37:00
YB,25/08/2023,456316,4670799,0,"1,4","1,9",58,48,"9,8",2023-08-25 13:39:00,56,2023-08-25 13:39:00
YB,26/08/2023,456316,4670799,"7,3","0,2","1,6",71,269,"10,2",2023-08-26 17:06:00,212,2023-08-26 17:06:00
YB,27/08/2023,456316,4670799,"62,8","0,1","1,1",341,282,"6,7",2023-08-27 12:14:00,42,2023-08-27 12:14:00
YB,28/08/2023,456316,4670799,0,"0,2","1,2",27,257,"9,2",2023-08-28 15:58:00,1,2023-08-28 15:58:00
YB,29/08/2023,456316,4670799,"0,1","0,5","1,3",134,191,"6,5",2023-08-29 14:27:00,149,2023-08-29 14:27:00
YB,30/08/2023,456316,4670799,0,"0,3","1,1",132,245,"7,6",2023-08-30 13:18:00,42,2023-08-30 13:18:00
YB,31/08/2023,456316,4670799,0,"0,2","1,1",134,214,"6,1",2023-08-31 10:04:00,179,2023-08-31 10:04:00
YB,01/09/2023,456316,4670799,0,1,"1,6",205,227,"9,4",2023-09-01 13:40:00,177,2023-09-01 13:40:00
YB,02/09/2023,456316,4670799,0,"0,5","1,4",61,23,"7,6",2023-09-02 13:29:00,107,2023-09-02 13:29:00
YB,03/09/2023,456316,4670799,0,"0,4",1,43,315,6,2023-09-03 13:58:00,72,2023-09-03 13:58:00
YB,04/09/2023,456316,4670799,0,"0,4",1,30,315,"6,2",2023-09-04 13:14:00,39,2023-09-04 13:14:00
YB,05/09/2023,456316,4670799,0,"0,1","0,9",162,255,"6,7",2023-09-05 14:59:00,72,2023-09-05 14:59:00
YB,06/09/2023,456316,4670799,0,"0,4","1,2",63,326,"7,8",2023-09-06 13:56:00,44,2023-09-06 13:56:00
YB,07/09/2023,456316,4670799,0,"0,5","1,2",45,287,"7,8",2023-09-07 15:11:00,52,2023-09-07 15:11:00
YB,08/09/2023,456316,4670799,0,"0,4","1,1",42,317,"6,1",2023-09-08 13:55:00,22,2023-09-08 13:55:00
YB,09/09/2023,456316,4670799,0,"0,2",1,29,279,"6,7",2023-09-09 13:47:00,65,2023-09-09 13:47:00
YB,10/09/2023,456316,4670799,0,"0,6","1,1",34,328,"7,4",2023-09-10 14:25:00,50,2023-09-10 14:25:00
YB,11/09/2023,456316,4670799,0,"0,3",1,192,239,"6,5",2023-09-11 15:28:00,68,2023-09-11 15:28:00
YB,12/09/2023,456316,4670799,"34,1",0,1,76,247,"12,6",2023-09-12 16:15:00,229,2023-09-12 16:15:00
YB,13/09/2023,456316,4670799,"1,7",0,"1,1",218,256,"7,6",2023-09-13 13:38:00,51,2023-09-13 13:38:00
YB,14/09/2023,456316,4670799,3,"0,2","0,9",311,280,"7,6",2023-09-14 14:31:00,328,2023-09-14 14:31:00
YB,15/09/2023,456316,4670799,"17,2","0,4",1,183,238,"7,1",2023-09-15 14:33:00,149,2023-09-15 14:33:00
YB,16/09/2023,456316,4670799,"0,1","0,9","1,2",217,233,"7,7",2023-09-16 11:27:00,240,2023-09-16 11:27:00
YB,17/09/2023,456316,4670799,"0,3","0,6","1,2",48,322,6,2023-09-17 16:06:00,65,2023-09-17 16:06:00
YB,18/09/2023,456316,4670799,0,"1,6","2,1",217,228,"12,1",2023-09-18 00:51:00,266,2023-09-18 00:51:00
YB,19/09/2023,456316,4670799,"0,3","0,4","1,5",153,233,"7,6",2023-09-19 14:34:00,58,2023-09-19 14:34:00
YB,20/09/2023,456316,4670799,"5,1","0,4","0,9",223,256,"5,5",2023-09-20 13:41:00,178,2023-09-20 13:41:00
YB,21/09/2023,456316,4670799,"0,1","1,3","1,8",235,243,"11,1",2023-09-21 12:21:00,233,2023-09-21 12:21:00
YB,22/09/2023,456316,4670799,"0,7","0,5","1,4",100,67,"7,1",2023-09-22 14:05:00,53,2023-09-22 14:05:00
YB,23/09/2023,456316,4670799,0,"0,4","1,2",69,274,6,2023-09-23 12:57:00,29,2023-09-23 12:57:00
YB,24/09/2023,456316,4670799,0,"0,3","0,9",50,287,"5,9",2023-09-24 15:58:00,49,2023-09-24 15:58:00
YB,25/09/2023,456316,4670799,0,"0,4",1,45,319,"6,3",2023-09-25 13:41:00,53,2023-09-25 13:41:00
YB,26/09/2023,456316,4670799,0,"0,3",1,39,277,"6,2",2023-09-26 15:17:00,47,2023-09-26 15:17:00
YB,27/09/2023,456316,4670799,0,"0,2",1,187,250,"6,7",2023-09-27 11:25:00,158,2023-09-27 11:25:00
YB,28/09/2023,456316,4670799,0,"0,6","1,1",41,303,7,2023-09-28 13:56:00,81,2023-09-28 13:56:00
YB,29/09/2023,456316,4670799,0,"0,2","0,9",78,260,5,2023-09-29 16:18:00,130,2023-09-29 16:18:00
YB,30/09/2023,456316,4670799,0,"0,1","0,7",249,266,5,2023-09-30 13:41:00,57,2023-09-30 13:41:00
YB,01/10/2023,456316,4670799,0,"0,6","1,1",55,328,"6,7",2023-10-01 11:47:00,57,2023-10-01 11:47:00
YB,02/10/2023,456316,4670799,0,"0,6","1,1",37,305,"6,6",2023-10-02 12:47:00,48,2023-10-02 12:47:00
YB,03/10/2023,456316,4670799,0,"0,3","0,8",117,214,"5,7",2023-10-03 14:15:00,115,2023-10-03 14:15:00
YB,04/10/2023,456316,4670799,0,"0,3",1,71,246,"5,8",2023-10-04 15:08:00,56,2023-10-04 15:08:00
YB,05/10/2023,456316,4670799,0,"0,5",1,38,295,"6,3",2023-10-05 13:35:00,49,2023-10-05 13:35:00
YB,06/10/2023,456316,4670799,0,"0,6","1,1",46,305,"6,8",2023-10-06 12:45:00,38,2023-10-06 12:45:00
YB,07/10/2023,456316,4670799,0,"0,5",1,43,298,"6,3",2023-10-07 13:37:00,47,2023-10-07 13:37:00
YB,08/10/2023,456316,4670799,0,"0,3","0,9",57,265,"6,5",2023-10-08 16:25:00,69,2023-10-08 16:25:00
YB,09/10/2023,456316,4670799,0,"0,4","0,9",50,282,6,2023-10-09 13:02:00,53,2023-10-09 13:02:00
YB,10/10/2023,456316,4670799,0,"0,3","0,9",46,276,"6,3",2023-10-10 12:30:00,61,2023-10-10 12:30:00
YB,11/10/2023,456316,4670799,0,"0,7","1,2",37,305,"7,6",2023-10-11 14:31:00,21,2023-10-11 14:31:00
YB,12/10/2023,456316,4670799,0,"0,7","1,2",35,308,"7,3",2023-10-12 13:45:00,52,2023-10-12 13:45:00
YB,13/10/2023,456316,4670799,"0,1","0,9","1,3",208,238,"8,4",2023-10-13 12:18:00,202,2023-10-13 12:18:00
YB,14/10/2023,456316,4670799,0,"0,5","1,1",133,197,"6,2",2023-10-14 14:12:00,62,2023-10-14 14:12:00
YB,15/10/2023,456316,4670799,"4,3","0,5","1,1",61,316,"5,9",2023-10-15 09:49:00,58,2023-10-15 09:49:00
YB,16/10/2023,456316,4670799,"1,9","0,7","0,8",46,35,"3,9",2023-10-16 11:34:00,61,2023-10-16 11:34:00
YB,17/10/2023,456316,4670799,0,"1,6","1,9",210,219,"9,8",2023-10-17 12:02:00,198,2023-10-17 12:02:00
YB,18/10/2023,456316,4670799,"0,4","2,2","2,5",227,231,"9,8",2023-10-18 17:26:00,248,2023-10-18 17:26:00
YB,19/10/2023,456316,4670799,"5,5","2,6","3,2",214,213,"15,9",2023-10-19 20:43:00,196,2023-10-19 20:43:00
YB,20/10/2023,456316,4670799,"0,3","1,7","2,2",214,216,"13,2",2023-10-20 13:24:00,262,2023-10-20 13:24:00
YB,21/10/2023,456316,4670799,0,"0,8","1,4",197,234,"7,6",2023-10-21 10:36:00,183,2023-10-21 10:36:00
YB,22/10/2023,456316,4670799,0,"0,5","0,9",211,245,"6,7",2023-10-22 14:10:00,204,2023-10-22 14:10:00
YB,23/10/2023,456316,4670799,0,"1,1","1,6",211,228,"10,1",2023-10-23 12:35:00,302,2023-10-23 12:35:00
YB,24/10/2023,456316,4670799,1,"1,2","1,8",221,231,"9,8",2023-10-24 16:57:00,205,2023-10-24 16:57:00
YB,25/10/2023,456316,4670799,0,"0,8","1,2",212,224,6,2023-10-25 15:12:00,200,2023-10-25 15:12:00
YB,26/10/2023,456316,4670799,0,"2,1","2,6",228,229,"14,1",2023-10-26 18:24:00,285,2023-10-26 18:24:00
YB,27/10/2023,456316,4670799,0,"1,4","1,7",227,237,"11,1",2023-10-27 14:34:00,252,2023-10-27 14:34:00
YB,28/10/2023,456316,4670799,0,"2,5","3,1",211,222,"9,9",2023-10-28 13:04:00,221,2023-10-28 13:04:00
YB,29/10/2023,456316,4670799,0,"2,5","2,9",202,204,"10,2",2023-10-29 09:48:00,232,2023-10-29 09:48:00
YB,30/10/2023,456316,4670799,"2,5","1,9","2,3",231,238,"10,2",2023-10-30 16:55:00,234,2023-10-30 16:55:00
YB,31/10/2023,456316,4670799,0,"0,7",1,216,236,"7,5",2023-10-31 12:16:00,170,2023-10-31 12:16:00
YB,01/11/2023,456316,4670799,0,3,"3,4",202,205,"13,2",2023-11-01 23:50:00,238,2023-11-01 23:50:00
YB,02/11/2023,456316,4670799,"3,6","2,3","3,3",239,235,"18,4",2023-11-02 05:12:00,266,2023-11-02 05:12:00
YB,03/11/2023,456316,4670799,0,"1,3",2,224,233,"9,8",2023-11-03 13:45:00,236,2023-11-03 13:45:00
YB,04/11/2023,456316,4670799,0,"3,1","3,6",235,235,"20,3",2023-11-04 13:46:00,274,2023-11-04 13:46:00
YB,05/11/2023,456316,4670799,0,"1,5","2,2",204,221,"9,7",2023-11-05 05:12:00,178,2023-11-05 05:12:00
YB,06/11/2023,456316,4670799,0,"0,5","1,1",145,203,"7,5",2023-11-06 15:03:00,93,2023-11-06 15:03:00
YB,07/11/2023,456316,4670799,0,"0,9","1,2",199,226,"7,5",2023-11-07 13:24:00,160,2023-11-07 13:24:00
YB,08/11/2023,456316,4670799,0,"1,1","1,5",217,232,"9,1",2023-11-08 16:42:00,212,2023-11-08 16:42:00
YB,09/11/2023,456316,4670799,"0,5","0,3","0,9",209,223,"5,8",2023-11-09 15:32:00,204,2023-11-09 15:32:00
YB,10/11/2023,456316,4670799,0,"0,3",1,111,188,"7,7",2023-11-10 14:59:00,46,2023-11-10 14:59:00
YB,11/11/2023,456316,4670799,0,"0,4",1,46,335,"5,3",2023-11-11 17:45:00,55,2023-11-11 17:45:00
YB,12/11/2023,456316,4670799,0,"0,2","0,8",39,264,"5,5",2023-11-12 12:06:00,45,2023-11-12 12:06:00
YB,13/11/2023,456316,4670799,0,"0,4","0,7",221,230,"3,8",2023-11-13 14:02:00,215,2023-11-13 14:02:00
YB,14/11/2023,456316,4670799,0,"0,4","0,8",192,231,"6,2",2023-11-14 13:01:00,190,2023-11-14 13:01:00
YB,15/11/2023,456316,4670799,0,"0,3","0,9",47,274,"4,8",2023-11-15 14:58:00,53,2023-11-15 14:58:00
YB,16/11/2023,456316,4670799,0,"0,1","0,7",234,245,"4,8",2023-11-16 16:05:00,62,2023-11-16 16:05:00
YB,17/11/2023,456316,4670799,0,"0,6",1,46,293,"7,2",2023-11-17 11:29:00,58,2023-11-17 11:29:00
YB,18/11/2023,456316,4670799,0,0,"0,7",10,257,"4,2",2023-11-18 15:08:00,52,2023-11-18 15:08:00
YB,19/11/2023,456316,4670799,0,"0,4",1,44,258,"6,2",2023-11-19 12:02:00,53,2023-11-19 12:02:00
YB,20/11/2023,456316,4670799,"2,2","0,5","0,9",75,64,"4,6",2023-11-20 15:00:00,126,2023-11-20 15:00:00
YB,21/11/2023,456316,4670799,"1,2","0,3","1,4",200,214,"8,6",2023-11-21 14:38:00,61,2023-11-21 14:38:00
YB,22/11/2023,456316,4670799,0,"1,9","3,5",338,345,"20,3",2023-11-22 10:51:00,331,2023-11-22 10:51:00
YB,23/11/2023,456316,4670799,0,"0,6","1,1",223,226,"5,7",2023-11-23 13:57:00,119,2023-11-23 13:57:00
YB,24/11/2023,456316,4670799,0,"0,6","1,7",291,273,"14,5",2023-11-24 13:35:00,260,2023-11-24 13:35:00
YB,25/11/2023,456316,4670799,0,"0,1","0,9",245,241,"5,3",2023-11-25 07:42:00,164,2023-11-25 07:42:00
YB,26/11/2023,456316,4670799,0,"0,4","0,8",210,243,"5,9",2023-11-26 13:30:00,163,2023-11-26 13:30:00
YB,27/11/2023,456316,4670799,0,"0,2","0,8",27,253,"4,8",2023-11-27 15:46:00,49,2023-11-27 15:46:00
YB,28/11/2023,456316,4670799,0,"0,1","0,8",314,264,"3,9",2023-11-28 12:37:00,59,2023-11-28 12:37:00
YB,29/11/2023,456316,4670799,0,"0,8","1,7",228,245,11,2023-11-29 20:12:00,299,2023-11-29 20:12:00
YB,30/11/2023,456316,4670799,0,"2,3","3,4",216,221,"15,2",2023-11-30 20:40:00,252,2023-11-30 20:40:00
YB,01/12/2023,456316,4670799,"11,4","0,8","2,1",102,103,"8,9",2023-12-01 03:33:00,60,2023-12-01 03:33:00
YB,02/12/2023,456316,4670799,0,"0,2",1,161,230,"5,2",2023-12-02 13:48:00,54,2023-12-02 13:48:00
YB,03/12/2023,456316,4670799,0,"0,9","1,4",221,243,"11,3",2023-12-03 23:58:00,223,2023-12-03 23:58:00
YB,04/12/2023,456316,4670799,0,"2,6","2,8",207,220,"10,7",2023-12-04 10:37:00,219,2023-12-04 10:37:00
YB,05/12/2023,456316,4670799,"0,9","0,6","0,9",215,238,"7,8",2023-12-05 13:02:00,182,2023-12-05 13:02:00
YB,06/12/2023,456316,4670799,0,"0,3","0,8",204,236,"5,3",2023-12-06 11:02:00,162,2023-12-06 11:02:00
YB,07/12/2023,456316,4670799,0,"0,4",1,60,15,"5,9",2023-12-07 13:50:00,61,2023-12-07 13:50:00
YB,08/12/2023,456316,4670799,"5,9","0,1","0,8",236,228,"3,9",2023-12-08 14:15:00,56,2023-12-08 14:15:00
YB,09/12/2023,456316,4670799,0,"0,5","0,8",244,244,3,2023-12-09 21:47:00,311,2023-12-09 21:47:00
YB,10/12/2023,456316,4670799,0,"0,5","0,8",226,239,"4,9",2023-12-10 13:30:00,189,2023-12-10 13:30:00
YB,11/12/2023,456316,4670799,0,"0,3","0,5",239,244,"2,8",2023-12-11 18:03:00,246,2023-12-11 18:03:00
YB,12/12/2023,456316,4670799,0,"0,3","0,6",245,236,"3,9",2023-12-12 07:46:00,315,2023-12-12 07:46:00
YB,13/12/2023,456316,4670799,0,"0,4","1,2",61,227,"7,1",2023-12-13 11:06:00,49,2023-12-13 11:06:00
YB,14/12/2023,456316,4670799,0,1,"2,1",304,260,"13,7",2023-12-14 12:21:00,350,2023-12-14 12:21:00
YB,15/12/2023,456316,4670799,0,"0,5","1,1",229,237,"8,6",2023-12-15 02:01:00,247,2023-12-15 02:01:00
YB,16/12/2023,456316,4670799,0,"0,1","0,8",250,248,"4,1",2023-12-16 12:55:00,56,2023-12-16 12:55:00
YB,17/12/2023,456316,4670799,0,"0,1","0,9",359,255,"6,5",2023-12-17 13:12:00,56,2023-12-17 13:12:00
YB,18/12/2023,456316,4670799,0,0,"0,6",270,244,"3,7",2023-12-18 12:04:00,70,2023-12-18 12:04:00
YB,19/12/2023,456316,4670799,0,"0,1","0,6",45,248,"4,8",2023-12-19 14:29:00,52,2023-12-19 14:29:00
YB,20/12/2023,456316,4670799,0,"0,1",1,262,245,"6,8",2023-12-20 13:20:00,53,2023-12-20 13:20:00
YB,21/12/2023,456316,4670799,0,"0,4",1,234,223,"5,2",2023-12-21 21:13:00,350,2023-12-21 21:13:00
YB,22/12/2023,456316,4670799,0,"0,2","1,2",209,223,"5,3",2023-12-22 03:57:00,327,2023-12-22 03:57:00
YB,23/12/2023,456316,4670799,0,"0,1","0,7",252,247,"4,3",2023-12-23 13:58:00,58,2023-12-23 13:58:00
YB,24/12/2023,456316,4670799,0,"0,1","0,7",38,270,"5,4",2023-12-24 14:48:00,46,2023-12-24 14:48:00
YB,25/12/2023,456316,4670799,0,"0,1","0,3",266,258,3,2023-12-25 15:11:00,59,2023-12-25 15:11:00
YB,26/12/2023,456316,4670799,0,"0,1","0,4",207,228,5,2023-12-26 14:26:00,29,2023-12-26 14:26:00
YB,27/12/2023,456316,4670799,0,"0,9","1,1",217,236,"9,4",2023-12-27 13:44:00,219,2023-12-27 13:44:00
YB,28/12/2023,456316,4670799,0,"0,1","0,7",41,269,"4,8",2023-12-28 13:52:00,60,2023-12-28 13:52:00
YB,29/12/2023,456316,4670799,0,0,"0,7",30,260,"4,2",2023-12-29 13:54:00,72,2023-12-29 13:54:00
YB,30/12/2023,456316,4670799,0,"0,4",1,53,277,"7,5",2023-12-30 23:53:00,199,2023-12-30 23:53:00
YB,31/12/2023,456316,4670799,0,2,"2,6",201,214,"11,8",2023-12-31 01:05:00,195,2023-12-31 01:05:00